-- --------------------------------------------------------
-- 호스트:                          localhost
-- 서버 버전:                        10.2.11-MariaDB - mariadb.org binary distribution
-- 서버 OS:                        Win64
-- HeidiSQL 버전:                  9.4.0.5125
-- --------------------------------------------------------

/*!40101 SET @OLD_CHARACTER_SET_CLIENT=@@CHARACTER_SET_CLIENT */;
/*!40101 SET NAMES utf8 */;
/*!50503 SET NAMES utf8mb4 */;
/*!40014 SET @OLD_FOREIGN_KEY_CHECKS=@@FOREIGN_KEY_CHECKS, FOREIGN_KEY_CHECKS=0 */;
/*!40101 SET @OLD_SQL_MODE=@@SQL_MODE, SQL_MODE='NO_AUTO_VALUE_ON_ZERO' */;


-- project 데이터베이스 구조 내보내기
CREATE DATABASE IF NOT EXISTS `project` /*!40100 DEFAULT CHARACTER SET utf8 */;
USE `project`;

-- 테이블 project.board 구조 내보내기
CREATE TABLE IF NOT EXISTS `board` (
  `no` int(5) NOT NULL AUTO_INCREMENT,
  `userNo` int(11) DEFAULT NULL,
  `name` varchar(20) NOT NULL,
  `title` varchar(100) NOT NULL,
  `contents` varchar(2000) NOT NULL,
  `days` timestamp NOT NULL DEFAULT current_timestamp() ON UPDATE current_timestamp(),
  `picName` varchar(100) NOT NULL,
  `picPath` varchar(100) NOT NULL,
  `intro` varchar(500) NOT NULL,
  PRIMARY KEY (`no`)
) ENGINE=InnoDB AUTO_INCREMENT=44 DEFAULT CHARSET=utf8;

-- 테이블 데이터 project.board:~43 rows (대략적) 내보내기
/*!40000 ALTER TABLE `board` DISABLE KEYS */;
INSERT INTO `board` (`no`, `userNo`, `name`, `title`, `contents`, `days`, `picName`, `picPath`, `intro`) VALUES
	(1, 1, '박기윤', '[국립공원]스토리가 있는 인력거 골목길 여행', '통영', '2018-01-19 14:59:38', '20151001170838166_8AO5Z65N.jpg', 'resources/templates/img/', '카톨릭대학교를 졸업하고, 통영에서 태어나고 자라온 것을 바탕으로 친환경적인 운영체계의 인력거 투어를 통해서 통영의 문화와 역사 예술을 직접 보여드리고 안내해드리는 진짜 통영을 보여드리고 있습니다.'),
	(2, 2, '한승준', '혼저옵서예~', '제주도', '2018-01-19 15:52:54', '8.jpg', 'resources/templates/img/', '제주도를 상당히 좋아하는 사람입니다. 저와 함께 제주도의 아름다움을 느껴봐요'),
	(3, 3, '김세영', '제주짱짱', '제주도', '2018-01-19 15:53:03', '12.jpg', 'resources/templates/img/', '제주도를 상당히 좋아하는 사람입니다. 저와 함께 제주도의 아름다움을 느껴봐요2'),
	(4, 2, '한승준', '양평으로 놀러오세요~', '양평', '2018-01-19 15:53:09', '59.jpg', 'resources/templates/img/', '양평으로 초대합니다'),
	(5, 3, '김세영', '양평으로 놀러오세요~2', '양평', '2018-01-19 15:53:11', '60.jpg', 'resources/templates/img/', '양평으로 초대합니다2'),
	(6, 2, '한승준', '너 파주 아니?', '파주', '2018-01-19 15:53:13', '61.jpg', 'resources/templates/img/', '파주로 놀러오세요'),
	(7, 1, '박기윤', '너 파주 아니?2', '파주', '2018-01-19 15:53:15', '62.jpg', 'resources/templates/img/', '파주로 놀러오세요2'),
	(8, 1, '박기윤', '대구로 놀러와!', '대구', '2018-01-19 15:53:17', '63.jpg', 'resources/templates/img/', '대구'),
	(9, 2, '한승준', '대구로 놀러와!2', '대구', '2018-01-19 15:53:19', '64.jpg', 'resources/templates/img/', '대구2'),
	(10, 3, '김세영', '마!', '부산', '2018-01-19 15:53:21', '65.jpg', 'resources/templates/img/', '부산1'),
	(11, 1, '박기윤', '마!2', '부산', '2018-01-19 15:53:22', '66.jpg', 'resources/templates/img/', '부산2'),
	(12, 2, '한승준', '강릉 아이가봤니?', '강릉', '2018-01-19 15:53:23', '67.jpg', 'resources/templates/img/', '강릉'),
	(13, 2, '한승준', '강릉 아이가봤니?2', '강릉', '2018-01-25 09:55:05', '68.jpg', 'resources/templates/img/', '강릉2'),
	(14, 3, '김세영', '서울여행', '서울', '2018-01-19 15:53:26', '69.jpg', 'resources/templates/img/', '서울1'),
	(15, 3, '김세영', '상주여행', '경북 상주', '2018-01-19 15:53:27', '70.jpg', 'resources/templates/img/', '상주'),
	(16, 2, '한승준', '상주여행', '경북 상주', '2018-01-19 15:53:29', '81.jpg', 'resources/templates/img/', '상주'),
	(17, 1, '박기윤', '상주', '경북 상주', '2018-01-19 15:53:31', '91.jpg', 'resources/templates/img/', '상주'),
	(18, 1, '박기윤', '부산', '부산', '2018-01-19 15:53:32', '99.jpg', 'resources/templates/img/', '부산'),
	(19, 2, '한승준', '전주', '전주', '2018-01-19 15:53:35', '104.jpg', 'resources/templates/img/', '전주'),
	(20, 1, '박기윤', '춘천헤헤', '춘천', '2018-01-19 15:53:37', '111.jpg', 'resources/templates/img/', '춘천'),
	(21, 3, '김세영', '부여', '부여', '2018-01-19 15:53:38', '121.jpg', 'resources/templates/img/', '넹 기윤오빠 프로젝트~'),
	(22, 2, '한승준', '원주', '원주', '2018-01-19 15:53:41', '127.jpg', 'resources/templates/img/', '넹 기윤오빠 프로젝트~'),
	(23, 1, '박기윤', '파주', '파주', '2018-01-19 15:53:42', '132.jpg', 'resources/templates/img/', '넹 기윤오빠 프로젝트~'),
	(24, 1, '박기윤', '양주', '양주', '2018-01-19 15:54:51', '139.jpg', 'resources/templates/img/', '넹 기윤오빠 프로젝트~'),
	(25, 3, '김세영', '울산', '울산', '2018-01-19 15:53:47', '145.jpg', 'resources/templates/img/', '넹 기윤오빠 프로젝트~'),
	(26, 3, '김세영', '울산', '울산', '2018-01-19 15:53:50', '150.jpg', 'resources/templates/img/', '넹 기윤오빠 프로젝트~'),
	(27, 2, '한승준', '인천', '인천', '2018-01-19 15:53:52', '155.jpg', 'resources/templates/img/', '넹 기윤오빠 프로젝트~'),
	(28, 1, '박기윤', '청송', '청송', '2018-01-19 15:53:54', '161.jpg', 'resources/templates/img/', '넹 기윤오빠 프로젝트~'),
	(29, 3, '김세영', '청송', '청송', '2018-01-19 15:53:57', '167.jpg', 'resources/templates/img/', '넹 기윤오빠 프로젝트~'),
	(30, 3, '김세영', '안동찜닭 존맛', '안동', '2018-01-19 15:53:58', '901.jpg', 'resources/templates/img/', '넹 기윤오빠 프로젝트~'),
	(31, 2, '한승준', '통영관광공사 추천 일일코스', '통영', '2018-01-19 15:54:01', '182.jpg', 'resources/templates/img/', '통영'),
	(32, 1, '박기윤', '통영한바퀴 일몰투어', '통영', '2018-01-19 15:54:02', '192.jpg', 'resources/templates/img/', '통영'),
	(33, 2, '한승준', '거제한바퀴', '거제', '2018-01-19 15:54:05', '195.jpg', 'resources/templates/img/', '거제'),
	(34, 3, '김세영', '순천한바퀴 Unknown투어', '순천', '2018-01-19 15:54:07', '201.jpg', 'resources/templates/img/', '"Unknown 투어란?"\r\n순천에서 잘알려지지 않은, 사람들이 잘 모르는 순천의 히든 프라이빗 로컬 관광지들이 투어코스가 되는 투어이다.'),
	(35, 1, '박기윤', '순천한바퀴', '순천', '2018-01-19 15:54:10', '206.jpg', 'resources/templates/img/', '순천'),
	(36, 1, '박기윤', 'SNL Tour', '순천', '2018-01-19 15:54:12', '213.jpg', 'resources/templates/img/', 'SNL(Sunchon Night Live) Tour! 순천의 생생한 밤을 느낄 수 있는 여행'),
	(37, 3, '김세영', '순천 일몰투어', '순천', '2018-01-19 15:54:15', '218.jpg', 'resources/templates/img/', '순천의 아름다운 일몰을 볼 수 있는 멋진 투어입니다.'),
	(38, 1, '박기윤', '부안 변산반도투어', '부안', '2018-01-19 15:54:17', '223.jpg', 'resources/templates/img/', '부안의 멋짐을 느껴보실래요?'),
	(39, 2, '한승준', '[인력거]청와대 앞길 투어', '서울', '2018-01-19 15:54:19', '229.jpg', 'resources/templates/img/', '청와대 앞 길은 1968년 북한의 김신조가 침투한 1.21 사태 이후 50년 만에 개방되었습니다. 50년 만에 시민의 품으로 돌아온 청와대 앞 길에서 인력거를 타고 자유를 만끽해보세요. 청와대 앞 길을 중심으로 경복궁의 동쪽에는 삼청동, 서쪽에는 효자동이 있습니다. 친근해진 청와대와 삼청동, 효자동의 아기자기함을 동시에 즐겨보세요!'),
	(40, 1, '박기윤', '[인력거]도깨비 투어', '서울', '2018-01-19 15:54:21', '238.jpg', 'resources/templates/img/', '드라마 도깨비가 국내외로 많은 사랑을 받고 있죠! 도깨비의 메인 촬영지들이 북촌에 위치해 있다는 걸 알고 계시나요? 지금 바로 도깨비 투어를 예약하세요! 도깨비와 도깨비 신부의 생활을 경험 할 수 있습니다! 도깨비 투어는 "감고당길", "카페 자작나무 이야기", 도깨비 집인 "운현궁 양관" 그리고 저승사자의 연인 "써니의 치킨 가게"로 이루어져 있습니다.\r\n'),
	(41, 1, '박기윤', '[인력거]동북촌 코스', '서울', '2018-01-19 15:54:23', '242.jpg', 'resources/templates/img/', '동북촌은 창덕궁 돌담을 따라 자리한 원서동, 계동, 재동 등을 일컫는 곳입니다 조용하고 한적한 동북촌은 타임머신을 타고 과거로의 시간여행을 하는 듯한 매력을 느낄 수 있습니다. 전통 한옥이 늘어진 정겨운 골목길 사이로 조선시대 양반과 관료들이 살았던 6백 년 역사 도시의 풍경과 북촌의 고즈넉한 정취를 느껴보세요!'),
	(42, 3, '김세영', '[인력거]서북촌 코스', '서울', '2018-01-19 15:54:29', '249.jpg', 'resources/templates/img/', '서북촌은 경복궁 옆에 위치한 가회동, 삼청동, 안국동을 일컫는 곳입니다. 현대적인 건물과 전통적인 한옥 거주지역이 공존을 이루고 있는 서북촌은 많은 관광객들이 찾는 서울의 대표적인 명소랍니다. 고즈넉한 동북촌 코스와 달리 서북촌은 언제나 활기찬 분위기가 매력적이죠! 경복궁과 창덕궁 사이의 가회동 북촌한옥마을에서 서울 600년 역사를 느껴보세요. 다양한 문화유산과 함께 아기자기한 갤러리, 특색 있는 카페, 다채로운 먹거리 등 즐길 거리도 많답니다.'),
	(43, 1, '박기윤', '[인력거]서촌 코스', '서울', '2018-01-19 15:54:31', '254.jpg', 'resources/templates/img/', '서촌은 경복궁 서쪽에 있는 마을을 일컫는 곳입니다. 조선시대 중인들의 거주지로서 문학과 예술이 꽃피었던 문화예술마을이기도 하죠! 오랫동안 골목을 지켜온 낡은 상점들과 소박하고 정겨운 통의동 한옥마을, 그리고 현대적인 문화공간이 조화를 이루는 매력적인 지역입니다. 미로 같은 골목길 속에 숨어있는 벽화와 도심 속의 전통시장인 통인시장에서 즐기는 먹거리는 서촌에서 빼놓을 수 없는 즐거움이랍니다.');
/*!40000 ALTER TABLE `board` ENABLE KEYS */;

-- 테이블 project.boardcourse 구조 내보내기
CREATE TABLE IF NOT EXISTS `boardcourse` (
  `no` int(11) NOT NULL AUTO_INCREMENT,
  `boardNo` int(11) NOT NULL,
  `title` varchar(50) NOT NULL,
  `picPath` varchar(100) NOT NULL,
  `picName` varchar(100) NOT NULL,
  `content` varchar(5000) DEFAULT NULL,
  PRIMARY KEY (`no`)
) ENGINE=InnoDB AUTO_INCREMENT=230 DEFAULT CHARSET=utf8;

-- 테이블 데이터 project.boardcourse:~229 rows (대략적) 내보내기
/*!40000 ALTER TABLE `boardcourse` DISABLE KEYS */;
INSERT INTO `boardcourse` (`no`, `boardNo`, `title`, `picPath`, `picName`, `content`) VALUES
	(1, 1, '강구내 프리마켓 골목길', 'resources/templates/img/', '15716_large_1435198559.jpg', '주민과 작가들 행정과 지원단체가 거버넌스를 이루어 만들어놓은 볼거리가 가득한 아름답고 예쁜 골목길입니다.'),
	(2, 1, '동양장', 'resources/templates/img/', '15719_large_1435198589.jpg', '통영 최초의 일제 강점기 때 “사카이시 호텔”로서 백범 김구 선생님께서 통영을 방문해 머무르시고,기념으로 친필을 남기신 곳입니다.'),
	(3, 1, '경남도립 나전칠기 양성소', 'resources/templates/img/', '15720_large_1435198651.jpg', '나전칠기 양성소이며 이중섭화가와의 인영이 깃든 곳이다. \r\n(이중섭화가의 그림의 완성도가 이루어진 곳'),
	(4, 2, '봄날카페', 'resources/templates/img/', '3.jpg', ''),
	(5, 2, '성이시돌목장', 'resources/templates/img/', '5.jpg', '성이시돌목장은 "테쉬폰 주택"이라는 건축물과 어우러진 이국적인 풍경이 아름다워 사진 찍기 좋은 명소로 알려져 있다. 이곳에 가면 성이시돌목장 우유로 만든 유기농 수제 아이스크림과 밀크티 등을 먹을 수 있는 카페 "우유부단"이 있다. 이 목장은 입장료가 없어 사진을 찍거나 말 구경 하며 여유로운 시간을 보낼 수 있는 곳이다.'),
	(6, 2, '애월해안도로', 'resources/templates/img/', '6.jpg', '북서부의 해안선을 따라서 이어진 애월해안도로는 빼어난 제주의 바다 풍경을 감상할 수 있는 약 9km의 드라이브 코스이다. 자전거 전용도로와 도보길도 잘 갖추어져 있어 드라이브 외에도 사이클링과 산책 등의 방법으로 다양하게 즐길 수 있다. 특히, "제주환상 자전거길" 위에 있어 자전거 여행자들의 사랑은 받는다. 해안길과 숲길을 모두 경험할 수 있는 제주올레길 16코스 "고내-광령 올레"의 일부이기도 하다. 지그재그로 이어지는 애월해안로를 따라서 가다 보면 일몰이 아름다운 소금마을 구엄리의 돌염전 등 다채로운 볼거리들이 기다리고 있다. 다양한 맛집들과 카페, 숙박시설 등이 많이 있어 여행객들의 제주 여행 코스로서도 인기가 많다. '),
	(7, 2, '오설록티뮤지엄', 'resources/templates/img/', '7.jpg', '설록차를 만드는 아모레퍼시픽 회사의 차 박물관이고 입장료는 무료이다. 뮤지엄 안에 있는 티 하우스의 녹차아이스크림, 녹차롤케이크 등이 유명하고, 티 샵에서 녹차 제품들을 구입할 수 있다. 2층과 3층에 전망대가 있어 녹차밭인 서광 다원의 모습을 볼 수 있다. 티 뮤지엄 옆에 다도 체험관인 오설록 티 스톤이 있다.'),
	(8, 2, '협재해변', 'resources/templates/img/', '10.jpg', '한림의 대표적인 해변은 협재해변은 투명한 맑은 물과 흰 모래, 조가비가 섞여 길게 이어진 아름다운 백사장이다. 앞바다에는 비양도가 그림같이 떠 일몰이 아름다운 해변으로 유명하기 때문에 항상 사람들이 붐빈다. 어른 뭎에서 허리까지 오는 얕은 투명한 물빛이 흐린 날에 가도 아름답다. 초여름이면 조개를 잡을 수 있고, 주말이면 서핑과 카이트 서핑을 즐기는 사람들이 있어 눈이 즐겁다. '),
	(9, 3, '노리매공원', 'resources/templates/img/', '1.jpg', '제주 노리매는 자연속에서 현대적 감성을 즐길 수 있는 공간으로 매화가 있는 도시형 공원이다. 봄 꽃 수선화, 매화, 목련, 작약, 겨울 꽃 동백과, 하귤나무, 녹차마누, 조팝나무 등 다양한 꽃과 나무들이 있어 사계절 내내 자연을 즐길 수 있다.'),
	(10, 3, '대포주상절리', 'resources/templates/img/', '2.jpg', '주상절리는 마치 예리한 조각칼로 섬세하게 깎아낸 듯한 4~6각형 형태의 기둥으로, 현무암질 용암류에 나타나는 수직절리를 말한다. 마치 계단을 쌓은 듯 겹겹이 서 있는 육모꼴의 돌기둥이 병풍처럼 둘러쳐져 있어 자연의 신비로움을 만끽할 수 있다. 그 기둥에 부딪히는 파도가 심할 때는 높이 20m이상 치솟는 "쇼"가 펼쳐진다. 중문 대포해안 주상절리대는 높이가 30~40m, 폭이 약 1km 정도로 우리나라 최대 규모를 자랑하며, 제주도 천연기념물 제 443호로 지정돼 있다.'),
	(11, 3, '산방산', 'resources/templates/img/', '4.jpg', '제주 서남부 지역을 달리다 보면, 안덕면 사계리 랜드마크인 산방산을 볼 수 있는데, 거대한 조각 작품을 보는 듯한 웅장함을 자랑한다. 산방산은 서남부 왠만한 곳에서는 보일만큼 큰데, 비교적 평탄한 지역에 홀로 우뚝 솟아있어 더욱 눈에 띈다. "산방"은 굴이 있는 산을 의미하는데 산방산 아래에 작은 굴에서는 부처를 모시고 있어 이곳을 "산방굴사"라고 한다. 넓은 바다와 아름답고 웅장한 산방산 속 푸른 자연과 어우러진 이곳의 절에서 마음의 안정과 여유를 찾을 수 있다.'),
	(12, 3, '제주올레시장', 'resources/templates/img/', '9.jpg', '매일매일 열리는 장임에도 북적북적한 이유는 바로 다양한 먹거리와 볼거리 때문이다. 제주에서만 맛볼 수 있는 특별한 음식과 포토존, 야외 공연장에서 종종 공연도 한다. 약 300여 개의 점포로 적지 않은 수의 가게들이 있지만 질서있게 정돈되어 있어 길을 찾거나 구경하고 다양한 음식을 맛보기에 최적화 되어 있다.'),
	(13, 3, '홍가시나무길', 'resources/templates/img/', '11.jpg', '장미과에 속하는 홍가시나무의 원산지는 일본이며, 약 40년 전에 제주도로 들어왔다고 전해진다. 따가운 가시가 있을 것 같은 이름과는 달리 가시는 없으며 5월에만 빨갛게 변한 모습을 볼 수 있다. 최근 포토 핫스팟으로 인기있는 곳이며, 셀프 웨딩 사진이나 스냅 사진을 찍기에 좋다. 다만 도로상 위치해 있어 사진 촬영 시 주의가 필요하다.'),
	(14, 4, '들꽃수목원', 'resources/templates/img/', '13.jpg', '들꽃수목원의 자연생태박물관은 생태계의 표본과 실물을 전시하여 생태계를 한눈에 볼 수 있고 영상으로도 관람할 수 있다. 야생화 정원에는 우리나라에서 멸종되어가는 토종 야생화가 약 200여종이 전시, 분포되어있어 어린이 및 청소년들에게 교육장이 되고 있으며 온 가족이 여가를 즐길 수 있는 체험학습장으로 꾸며져 있다. 허브 정원에는 각종 허브가 약 50여종이 전시 및 분포되어있다.'),
	(15, 4, '용문사', 'resources/templates/img/', '14.jpg', '대한불교 조계종 용문사는 신라 신덕왕 2년 대경국사가 창건하였다고 한다. 일제강점기 의병의 근거지로 사용되자 일본군이 대부분의 전각을 불태운데다 6.25 때 다시 소실, 1982년부터 대웅전 등을 중건하여 현재의 모습을 갖췄다. 일주문을 지나 산사로 올라가는 숲길엔 기분 좋은 산내음이 그윽하다. 용문사 경내 은행나무는 천연기념물 제 30호이고 신라 고승 의상대사의 지팡이가 뿌리가 되었다, 신라 마지막 세자 마의태자가 심었다 등 전설을 품고있는 수령 1,100년 은행나무이다.'),
	(16, 4, '추억의청춘뮤지엄', 'resources/templates/img/', '15.jpg', ''),
	(17, 5, '더그림', 'resources/templates/img/', '16.jpg', '경의중앙선 양평역에서 자동차로 10여분 사나사계곡쪽으로 가다보면 그림보다 더 그림처럼 어여쁜 드라마 촬영지 "더그림"이 자리하고 있다. "더그림"은 60여편 이상의 드라마와 영화, CF를 촬영한 곳으로 연인들의 데이트 장소로도 유명한 곳인데 경기도 양평의 핫스팟이자 연인들의 힐링코스로 자리매김한 곳이다. 티켓은 7000원으로 음료 교환권이 주어진다.'),
	(18, 5, '더힐하우스', 'resources/templates/img/', '17.jpg', '서울 중심가에서 50분 거리에 위치한 더힐하우스는 남한강의 전망과 잘 정돈된 정원이 내려다 보이는 자연 속 호텔이다. 1990년 창립이래 럭셔리한 호텔의 명성을 이어가고 있는 더힐하우스는 시설뿐만 아니라 고객에 대한 서비스 하나하나에도 특별함을 추구하고있다.'),
	(19, 5, '두물머리', 'resources/templates/img/', '18.jpg', '두물머리는 금강산에서 흘러내린 북한강과 강원도 금대봉 기슭 검룡소에서 발우너한 남한강의 두 물이 합쳐지는 곳이라는 의미이다. TV 드라마나 영화를 통해 널리 알려진 곳이며 결혼기념 사진 촬영장소로 인기가 높다. 사유지이지만, 이른 아침에 피어나는 물안개, 옛 영화가 얽힌 나루터, 강으로 늘어진 많은 수양버들 등 강가마을 특유의 아름다운 경관으로 인해 웨딩, 영화, 광고, 드라마, 촬영 장소로 자주 이용되고 있다. 두물머리의 또 다른 볼거리는 느티나무로 수령은 400년이며, 세 그루의 느티나무가 마치 한 그루처럼 우산형의 수관을 형성하고 있는 두물머리마을의 정자목이다.'),
	(20, 6, '못난이유원지', 'resources/templates/img/', '19.jpg', '헤이리 예술인마을 4번 출입구로 들어가면 보이는 건물의 지하1층에 못난이유원지가 위치하고 있다. 옛 사진관부터 시작해서 옛날 장난감과 불량식품을 파는 가게, 가게 사이사이 학교와, 이발소도 보인다. 같은 층에 있는 옛날물건박물관의 입장료는 2천원이며 옛날 영화를 상영하는 영화관을 볼 수 있다.'),
	(21, 6, '벽초지문화수목원', 'resources/templates/img/', '20.jpg', '파주시 광탄면에 위치한 벽초지 문화수목원은 2005년에 문을 열었다. 구석구석 예쁜 곳이 많아 드라마와 광고 촬영지로도 유명하다. 주목터널길은 생명력이 강해서 살아서 천년 죽어서도 천년을 간다는 주목이 마치 터널을 지나는 느낌을 준다. 벽초지 수목원 한 공간에는 넓은 유럽풍의 조각 공원도 조성되어 있는데, 거닐다 보면 마치 옛날 동화 속에 살고 있는 듯한 느낌을 준다.'),
	(22, 6, '지혜의숲도서관', 'resources/templates/img/', '21.jpg', '아시아출판문화정보센터 1층에 위치한 지혜의 숲 도서관은 가치있는 책을 모아 보존/보호/관리하며 함께 보는 공동의 서재이다. 출판도시문화재단은 출판단지조합이 출자하고 문화체육관광부가 설립을 허가한 비영리 재단법인이다. 기증자의 연구 분야에 따라 다양한 분야, 시대의 인문학 도서를 만날 수 있으며 운영시간은 오전 10시부터 오후 5시까지 운영한다.'),
	(23, 6, '프로방스마을', 'resources/templates/img/', '22.jpg', '프로방스마을은 관광, 쇼핑, 문화 등을 모두 즐길 수 있는 파주 복합 관광 클러스트이다. 예술, 문화, 관광, 쇼핑, 교육, 자연이라는 테마를 모두 즐길 수 있는 곳이며 연간 10만명 이상의 외국인 관광객이 다녀가는 국제 관광의 거점으로 성장 중이다.'),
	(24, 7, '근현대사박물관', 'resources/templates/img/', '23.jpg', '한국근현대사박물관은 경기도 파주시 교하읍에 자리한 한국 근대사의 50여년의 생활사를 조명하는 박물관이다. 일제강점기를 거쳐 한국전쟁과 80년대까지의 생활 모습과 풍물을 다양하게 전시하고 있다. 한국근현대사박물관은 단순히 유리관 속에서 보는 전시가 아닌 관람자들이 직접 만지고 관찰하는 전시이다. 또한 구성물과 관련된 음악이 함께 흘러나와 그 시대를 더 깊이 이해하도록 돕는다. 매주 월요일 휴관이고 지하철 3호선 대화역에서 박물관을 경유하는 버스를 이용하면 대중교통으로도 편하게 갈 수 있다.'),
	(25, 7, '임진각평화누리공원', 'resources/templates/img/', '24.jpg', '임진각 평화누리공원에 들어서면 가장 먼저 보이는 것은 3000개의 바람개비이다. 푸른 잔디 위로 아이들이 뛰놀고 평화롭게 연들이 나는 모습처럼 이 땅에 평화가 오기를 기원하며 이름을 평화누리라고 지었다. 임진각과 평화누리는 경기평화센터, 자유의 다리와 장단역 증기기관차, 철도중단점과 연계되어 평화를 기원하는 대표적인 안보체험 코스이다. 또 생명이 살아있는 DMZ 생태도 체험가능하다. '),
	(26, 7, '임진각평화랜드', 'resources/templates/img/', '25.jpg', '2001년 5월, 평화누리공원 내에 문을 연 평화랜드는 범퍼카, 바이킹, 평화열차, 점퍼보트, 회전목마, 미니 바이킹, 시뮬레이션, 범퍼보트 등 각종 놀이기구를 갖추고 있는 작지만 알찬 놀이공원이다. 가장 인기있는 놀이기구는 바이킹이며 평화열차를 타고 한바퀴 크게 돌 수도 있다. 혼잡하지않아 여유를 느낄 수 있다. 임진각 주차장 옆에 위치해있다.'),
	(27, 8, '구공탄막창', 'resources/templates/img/', '26.jpg', ''),
	(28, 8, '대구이월드', 'resources/templates/img/', '27.jpg', '1995년 3월 28일에 개장했으며 대구 도시철도 2호선 두류역 15번 출구에서 약 10분 정도 거리에 정문이 위치해있다. 요금은 성인 37000원, 청소년 32000원, 어린이 27000원으로 야간티켓은 전부 21000원이다.'),
	(29, 8, '도깨비시장', 'resources/templates/img/', '28.jpg', '대구광역시 중구에 위치한 오래된 시장가이다. 대구시 중심에 있어 전철 1호선과 버스 등 시장 접근성이 편리한 덕분인지 유동인구가 꽤 많은 편이라 일일 내방고객 수가 4만여명에 이른다. 교동귀금속골목, 교동전자상가 등 전문성 높은 업종부터 구제 의류가게, 수입식품, 식당, 오디오, 조명상가 등이 있다. 매일 밤마다 교동시장에서 도깨비야시장이 열리기 때문에 교동시장을 도깨비시장이라고 부르기도 한다.'),
	(30, 8, '삼송빵집', 'resources/templates/img/', '29.jpg', '1957년에 문을 연 삼송빵집의 마약빵, 반월당고로케, 추억의 근대골목단팥빵은 전국의 삼송빵집 열풍을 불게했다. '),
	(31, 8, '향촌문화관', 'resources/templates/img/', '30.jpg', '1912년에 대구 최초의 일반은행인 선남상업은행이 있던 곳에 세워지게 되었으며 2014년 전시문화공간으로 거듭나게 되었다.'),
	(32, 9, '김광석거리', 'resources/templates/img/', '31.jpg', '김광석이 태어난 대봉동 일대에 조성된 "김광석 다시그리기 길"은 김광석을 테마로 한 벽화와 카페, 갤러리들이 늘어서 있는 약 350미터 길이의 골목이다. 지하철로는 경대병원역 3번출구에서 수성교 방향으로 500미터 정도 걸어오면 보인다. 벽화골목만 구경하면 10분이면 다 보는 짧은 길이지만 감성 넘치는 골목 구석구석 구경하는 것을 추천한다.'),
	(33, 9, '대구커피명가', 'resources/templates/img/', '32.jpg', ''),
	(34, 9, '빵장수단팥빵', 'resources/templates/img/', '33.jpg', ''),
	(35, 9, '중앙떡볶이', 'resources/templates/img/', '34.jpg', ''),
	(36, 9, '진골목식당', 'resources/templates/img/', '35.jpg', ''),
	(37, 10, '광안리', 'resources/templates/img/', '36.jpg', '광안리해수욕장은 부산광역시 수영구 광안2동에 있으며 해운대 해수욕장의 서쪽에 위치하고 있다. 광안리에는 해수욕 뿐만 아니라 레스토랑, 카페 등 유명 패션상가들도 즐비해서 특히 젊은층이 즐겨찾는 명소 중 하나이다. 다양한 먹을거리와 볼거리가 있어서 피서의 즐거움을 더해준다.'),
	(38, 10, '누리마루', 'resources/templates/img/', '37.jpg', '누리마루 APEC하우스는 2005년 11월 18~19일에 열린 제 13차 APEC 정상회담 회의장으로 해운대구 중동의 동백섬에 세운 건축물이다. 누리마루 APEC하우스는 "세계정상들이 모여 APEC회의를 하는 집"이라는 뜻을 가지고있다. APEC 이후 기념관 및 고급 국제회의장으로 활용되고있다. 누리마루에서는 오륙도, 광안대교, 달맞이언덕 등을 조망할 수 있으며, 해운대 해수욕장과 인접하여 해운대 절경을 감상 할 수 있을 뿐만 아니라, 자연미와 현대미를 고루 갖춘 고품격 국제 회의장으로서의 면모를 갖추고 있다.'),
	(39, 10, '동백섬', 'resources/templates/img/', '38.jpg', '원래는 섬이었던 동백섬은 오랜 세월 퇴적작용으로 육지와 연결되었지만 아직도 동백섬이라고 불리고있다. 동백섬을 둘러 산책로가 조성되어 시민들의 발길이 끊이지 않고 과거와 현재에 걸친 인적이 곳곳이 배어있다. 또한, 동백섬에서 보는 부산의 전경은 달맞이언덕, 광안대교, 오륙도 등이 한눈에 들어온다. 이름 그대로 예전에 말발굽에 차일 정도로 동백꽃이 지천으로 피고 지던 곳에는 지금도 변함없이 겨울에서 봄 사이에 꽃망울을 맺고 빨간 꽃이 통으로 떨어져 운치를 더한다.'),
	(40, 10, '부산시민공원', 'resources/templates/img/', '39.jpg', '부산광역시 부산진구 부전동과 연지동에 걸쳐있는 크고 아름다운 공원이다. 부산의 센트럴파크라고 불릴만큼 크기가 크다. 이곳에 있었던 미군기지로 인해 하야리야공원이라고 부르기도 한다. 운영시간은 오전 5시부터 오후 11시까지며 때문에 공원 운영시간 외에는 공원 내부로 입장이 불가능하다.'),
	(41, 10, '원조할매낙지', 'resources/templates/img/', '40.jpg', ''),
	(42, 11, '18번완당집', 'resources/templates/img/', '41.jpg', '1947년 창업한 18번완당집은 2대째 전해내려오는 전통있는 맛을 느낄 수 있다. 완당은 중국식 만두국인데 여기에 발국수를 넣어 만든 음식이 바로 완당 발국수이다. 오늘날까지 60여년간 사랑받아오고 있으며 오랫동안 고유의 맛을 유지하고 있다.'),
	(43, 11, 'BIFF광장', 'resources/templates/img/', '42.jpg', 'BIFF광장은 부산광역시 중구 남포동 6가에 있는 부산국제영화제 출범과 함께 생성된 영화거리이다. 이곳에는 남포동 4개 영화관이 몰려있는 중심가이며 식당과 쇼핑센터가 밀집돼 있어 낮과 밤 모둑 인파가 몰리는 거리에는 곳곳에 영화 포스터로 만든 조형물이 수놓아져 있다.'),
	(44, 11, '백구당', 'resources/templates/img/', '43.jpg', '백구당은 1959년에 문을 연 부산에서 가장 오래된 빵집이다. 이곳은 부산 3대 빵집 등 각종 수식어가 따라 붙는 곳이지만 동네 빵집을 연상시키는 투박한 모양의 빵인데 맛은 가히 부산 최고이다. 이곳은 옥수수콘이 박혀있는 크로이즌이 유명하고 평일8시 이휴, 토요일 6시 이후에 케이크가 20% 할인된다.'),
	(45, 11, '영도대교', 'resources/templates/img/', '44.jpg', '영도대교는 부산 최초로 건설된 연륙교이며 한국 최초의 "일엽식 도개교" 형식의 다리이다. 영도대교는 문화재로도 지정되었는데, 2006년 11월 25일 부산광역시의 기념물 제 56호로 지정되었다.'),
	(46, 11, '절영해안산책로', 'resources/templates/img/', '45.jpg', '이곳은 과거에는 지형이 가파르고 험난한 군사보호구역으로 접근이 어려웠으나 시민들의 해양관광 욕구를 충족시키기 위해 공공근로사업으로 조성한 산책로이다. 해안산책로를 걷다보면 거닐때마다 경치가 달라지고 장승과 돌탑, 출렁다리, 장미터널, 파도광장, 무지개 분수대 등 볼거리와 즐길거리가 있다.'),
	(47, 12, '강문해변', 'resources/templates/img/', '46.jpg', '강문해변은 강문동에 자리잡고 있으며 주변에 작은 포구인 강문항이 있어 근처 횟집에서 새벽에 잡은 싱싱한 생선회를 맛볼 수 있다. 특히 뛰어난 수중경관을 감상할 수 있어 스킨스쿠버 동호인들이 많이 찾고있다.'),
	(48, 12, '경포생태습지', 'resources/templates/img/', '47.jpg', '경포생태습지에서는 생태관광을 할 수 있는데 생태적으로 잘 보전된 지역의 환경을 훼손시키지 않으면서 관광객에게는 환경보전의 학습기회를 제공하고 관광수익은 지역의 생태계 보존과 지역주민에게 되돌아가는 관광을 말한다.'),
	(49, 12, '솔바람다리', 'resources/templates/img/', '48.jpg', '남항진과 안목을 이슨 인도교인 솔바람다리는 2010년 4월 9일에 완공되었다.바다와 강 사이에 놓인 다리 특성상 바람이 많이 불어 피서지로서 인기가 높으며 야간에 조명으로 아름다운 야경을 보여준다.'),
	(50, 12, '안목커피거리', 'resources/templates/img/', '49.jpg', '"강릉 커피 거리"로 유명해진 안목해변 일대는 1980년대 커피 자판기 5~6대가 생겨나면서 데이트 장소로 주목받았고 이후 차츰 커피마을이 조성된 곳이다. 현재 안목커피거리는 대한민국 커피 1세대로 꼽히는 커피 명인들의 카페와 다양한 커피전문점 30여곳, 커피 박물관, 커피 공장이 들어서 있다. 안목해변의 탁 트인 동해를 볼 수 있는 테라스 자리는 인기가 많다. 강릉은 매해 10월 강릉커피축제를 개최한다. 바리스타의 핸드드립 커피를 맛볼 수 있고 재즈음악회 등 다양한 체험행사가 진행된다.'),
	(51, 13, '경포해변', 'resources/templates/img/', '50.jpg', '경포해수욕장은 강원도 강릉시 강문동, 안현동 일대에 있는 동해안 최대의 해수욕장이다. 피서철에는 하루 평균 50만명의 피서인파가 몰리기도 한다. 해수욕장 주변은 송림병풍, 야영장, 오토캠핑장, 주차장 시설 등을 겸비하고 있다. 매년 전통문예 행사로 여름해변축제, 관노가면극, 강릉농악, 사물놀이, 학산오독떼기 등이 열리고, 해변무용제, 홍길동전, 공개방송 등의 문화행사가 열린다. 1월1일 새벽에는 해돋이 잔치도 열리고 있다.'),
	(52, 13, '오죽헌', 'resources/templates/img/', '51.jpg', '오주헌은 보물 제 165호로, 강원도 강릉시에 있는 신사임당과 율곡 이이의 생가이다. 조선시대 중기의 양반집 모습을 보존한 희귀한 예로서 주심포 계통의 청순하고 소박한 팔작집이다. 뒤뜰에 오죽이 자라고 있어서 오죽헌이란 이름이 붙여졌으며 드라마 <사임당, 빛의 일기>의 촬영장소로 쓰이기도 했다.'),
	(53, 13, '초당마을', 'resources/templates/img/', '52.jpg', '강원도 강릉시 초당순두부길에 위치한 초당마을이다. 이곳은 경포대를 찾은 사람들이 식사를 하기 위해 찾는 곳 중 하나로 초당두부로 유명한 곳이다. 초당두부는 허균의 아버지이자 삼척부사를 지냈던 허엽이 바닷물로 간을 한 두부를 만들게 했는데 그 두부가 유명해져서 그의 호를 따서 초당두부라고 불리게 되었다.'),
	(54, 13, '테라로사', 'resources/templates/img/', '53.jpg', '2002년 문을 연 테라로사 첫 번째 매장이자 본점. 본래 커피를 볶아 카페, 호텔, 레스토랑 등에 공급하는 로스팅 팩토리로 출발하였으나, 소문을 듣고 커피를 맛보러 오는 이들이 늘어나면서 카페의 역할을 겸하게 되었다. 하얀 회벽으로 된 작디작은 공간이 커피를 좋아하는 많은 분들에게 큰 사랑을 받았다. 2017년 7월, 본점이 정든 작은 집을 떠나 바로 앞 밤나무숲 속에 오랜 시간 준비해온 빨간 벽돌 건물로 자리를 옮겼다. 새로운 공간, 새로운 무드로 손님들을 맞으려 한다. 커피, 베이커리, 레스토랑으로 구성되어 있으며, 레스토랑에서는 제철 식재료를 테라로사 식으로 섬세하게 풀어낸 브런치와 디너를 즐길 수 있다.'),
	(55, 13, '하슬라아트월드', 'resources/templates/img/', '54.jpg', '하슬라아트월드의 "하슬라"는 해와 밝음 이라는 의미의 순 우리말이기도 한 고구려 신라 시대부터 불려지던 강릉의 옛 이름이다. "아트월드"는 예술가에 의해 만들어진 예술 정원 이라는 뜻이며 이곳은 바로 꺼지지 않는 불이라는 뜻의 "등명"에 위치하고 있다. 총 7만7천여 평에 조성된 하슬라 아트월드는 박신정, 최옥영(국립강릉원주대 조각과 교수)부부에 의해 재조명 되고 있다.'),
	(56, 14, '경복궁', 'resources/templates/img/', '55.jpg', '조선시대에 만들어진 다섯 개의 궁궐 중 첫 번째로 만들어진 곳으로, 조선 왕조의 법궁이다. ‘큰 복을 누리라’는 뜻을 가진 ‘경복(景福)’이라는 이름은 정도전이 지은 것이다.'),
	(57, 14, '광화문광장', 'resources/templates/img/', '56.jpg', ' 서울특별시 종로구 광화문에서 세종로사거리와 청계광장으로 이어지는 세종로 중앙에 조성된 광장으로 2009년 8월 1일 시민에게 개방되었다.'),
	(58, 14, '대한민국 역사 박물관', 'resources/templates/img/', '57.jpg', '2008년 이명박 전 대통령이 현직 시절 광복절 경축사에서 말한 대한민국 근현대사를 조명할 수 있는 역사박물관을 건립하겠다는 취지 하에 세워졌다. 기존의 문화체육관광부 본 청사를 박물관 건립지로 지정, 문체부 본 청사가 세종로 독립청사에서 국립서울과학관 본관으로 이전한 후 건물을 리모델링 형식으로 전면 개조하였다. 2년 후인 2012년 5월 23일 공식 완공되었고 그 해 11월 23일 공식 개관하여 일반에게 공개되었다.'),
	(59, 14, '청계천', 'resources/templates/img/', '58.jpg', '길이 10.84km, 유역면적 59.83㎢이다. 본래의 명칭은 개천(開川)이었다.조선의 한양정도(漢陽定都) 당시 청계천은 자연하천 그대로여서 홍수가 나면 민가가 침수되는 물난리를 일으켰고, 평시에는 오수가 괴어 매우 불결하였는데, 제3대 태종이 개거공사(開渠工事)를 벌여 처음으로 치수사업을 시작하였다. 그후 영조 때에는 준설양안석축(兩岸石築)유로변경 등 본격적인 개천사업을 시행하였다. 이 공사로서 내의 흐름이 비로소 직선화하였다.\r\n'),
	(60, 15, '상주보', 'resources/templates/img/', '71.jpg', '상주보 (尙州洑)는 경상북도 상주시 중동면과 도남동에 있는 낙동강의 보로서 4대강 정비 사업 과정에서 부설되었다.'),
	(61, 15, '도남서원', 'resources/templates/img/', '72.jpg', '경상북도 상주시 도남동에 있는 서원. 정몽주, 김굉필, 정여창, 이언적, 이황, 노수신, 류성룡, 정경세, 이준 등의 위패를 봉안하여 제향하고 있다.'),
	(62, 15, '경천섬', 'resources/templates/img/', '73.jpg', ''),
	(63, 15, '국립낙동강생물자원관', 'resources/templates/img/', '74.jpg', '국립낙동강생물자원관 (國立落東江生物資源館, Nakdonggang National Institute of Biological Resources )은 국가 생물주권의 조기확보와 생물다양성 보전 및 생물자원의 지속가능한 이용에 기여하기 위하여 설립된 환경부 산하의 공공기관이다.'),
	(64, 15, '상주자전거박물관', 'resources/templates/img/', '75.jpg', '상주자전거박물관 은 경상북도 상주시에 있는 대한민국에서 유일한 자전거 박물관이다.'),
	(65, 15, '경천대', 'resources/templates/img/', '76.jpg', '경천대는 낙동강 천삼백 리 물길 중 아름답기로 첫 번째 꼽힌다. 하늘 높이 솟구쳐 오른 바위 위로 푸른 하늘과 햇살을 담은 송림이 우거져 있고, 아래로는 굽이도는 물길에 금빛 모래사장이 햇빛을 받아 반짝이는 멋진 모습을 경천대에서 볼 수 있다.'),
	(66, 15, '상주박물관', 'resources/templates/img/', '77.jpg', '이 지역에 조상들의 슬기와 얼이 담긴 문화유산을 체계적으로 보존 관리하여 고귀한 자산을 후대에 길이 물려주는 문화공간으로, 그리고 역사의 산 교육장으로 활용하고자 박물관이 설립되었다.'),
	(67, 15, '상주국제승마장', 'resources/templates/img/', '78.jpg', '2010년 8월 준공한 대한승마협회 국제경기공인을 얻은 국내유일의 국제승마장이며, 낙동강 권역의 경천대 관광단지 옆에 위치하고 있어 수려한 주변경관을 감상하며 승마를 즐길수 있다.'),
	(68, 15, '전사벌왕릉', 'resources/templates/img/', '79.jpg', '1977년 12월 29일 경상북도기념물 제25호로 지정되었다. 면적은 8,256㎡ 으로, 둔진산 남쪽 기슭 상주 화달리 삼층석탑(보물 117) 동북쪽에 있으며, 왕릉이라고 전하나 정사에 기록이 없어 누구의 묘인지 추정하기 어렵다. 신라 54대왕 경명왕의 다섯 번째 왕자 박언창의 묘라는 전설이 전하는데, 박언창은 사벌주의 대군으로 책봉되었으나 후에 사벌국이라 칭하고 자립왕으로 11년간 다스리다 견훤의 침공으로 패망하고 이곳에 묻혔다고 한다.'),
	(69, 15, '충의사', 'resources/templates/img/', '80.jpg', '신도비, 묘소와 함께 1974년 지방문화재 기념물 제13호로 지정되었다. 처음에는 약 16㎡ 규모의 작은 사당이었으나 1978년 호국선현유적지 정화사업으로 총 1만 3,209㎡의 부지에 사당, 전시관, 내외삼문, 기념비, 관리사무소 등을 세워 확장 정비하였다. 전시관에는 보물 제 669호인 5점(교서 2점, 교지, 신패, 옥대 각 1점)과 동산문화재(교지 19점, 매헌실기 판목 58판)를 전시하고 있다.\r\n\r\n'),
	(70, 16, '임란북천전적지', 'resources/templates/img/', '82.jpg', '경상북도 기념물 제77호. 이 전투에서 순변사(巡邊使) 이일(李鎰)이 인솔한 관군과 상주 지방에서 창의한 의병들이 북상하는 왜군의 기습을 받자 이일은 창황히 분주(奔走)하였고, 종사관(從事官) 윤섬(尹暹)·이경류(李慶流)·박호(朴箎), 상주판관(尙州判官) 권길(權吉), 사근도찰방(沙近道察訪) 김종무(金宗武), 의병장 김준신(金俊臣)·김일(金鎰), 상주목호장(尙州牧戶長) 박걸(朴傑) 등과 수많은 군사들이 왜군과 격전 중에 순절하고 패전하였으나 임란사상 중앙 관군과 의병들이 뜻을 모아 왜군에 대항하여 최초로 일대 접전을 벌인 전투라는 데 큰 뜻이 있다.'),
	(71, 16, '남장사', 'resources/templates/img/', '83.jpg', '경상북도 상주시 남장동노악산에 있는 절.'),
	(72, 16, '우복종가', 'resources/templates/img/', '84.jpg', '경상북도 상주시 외서면 우산리에 있는 조선시대의 가옥. 1982년 2월 24일 경상북도 민속문화재 제31호로 지정되었다.'),
	(73, 16, '동학교당', 'resources/templates/img/', '85.jpg', '상주 동학교당은 납접주인 김주희에 의하여 1924년에 세워진 곳으로 상주와 문경지역을 중심으로 멀리 충청도와 강원도까지 포교한 내륙 지방 동학교당의 중심지로, 동학경전인 동학가사를 간행하는 등 출판 활동에 많은 노력을 기울인 곳이기도 하다. 동학교 본부 건물로 건물 구조와 배치가 특별한데 동서남북으로 네 동의 건물이 배치되어 있다.'),
	(74, 16, '성주봉자연휴양림', 'resources/templates/img/', '86.jpg', '2001년 6월 29일 개장한 자연휴양림으로, 경상북도 상주시 은척면 남곡리 성주봉(聖主峰) 기슭의 울창한 숲속에 조성되어 있다. 성주봉은 속리산 천황봉에서 남산 국사봉을 따라 뻗은 소백산맥의 한 자락으로 높이는 606.6m이다. 성주봉휴양림의 구역면적은 약 200만m²이며, 수용인원은 하루 최대 1,500명으로, 상주시청에서 관리한다.'),
	(75, 16, '효자정재수기념관', 'resources/templates/img/', '87.jpg', '10살의 어린 나이에 아버지를 구하려다 숨진 정재수군의 효행을 기리기 위해 세운 기념관이다. 정재수군의 모교인 구(舊) 사산초등학교에 조성되어 2001년 6월 12일에 개관하였다.'),
	(76, 16, '존애원', 'resources/templates/img/', '88.jpg', '경상북도 상주시 청리면 율리에 있는 조선시대의 사설 의료기관. 1993년 2월 25일 경상북도기념물 제89호로 지정되었다.'),
	(77, 16, '양진당', 'resources/templates/img/', '89.jpg', '상주 양진당(尙州 養眞堂)은 경상북도 상주시 낙동면에 있는 조선시대의 가옥이다. 2008년 7월 10일 대한민국의 보물 제1568호로 지정되었다.'),
	(78, 16, '수암종택', 'resources/templates/img/', '90.jpg', '경상북도 상주시 중동면 우물리에 있는 풍산유씨 우천파의 종택. 1986년 12월 11일 경상북도 민속문화재 제70호로 지정되었다.'),
	(79, 17, '자전거체험', 'resources/templates/img/', '92.jpg', '자전거체험(상주 자전거박물관)'),
	(80, 17, '요트,카누체험', 'resources/templates/img/', '93.jpg', '요트,카누체험(수상레져타운)'),
	(81, 17, '승마체험', 'resources/templates/img/', '94.jpg', '승마체험(상주국제승마장)'),
	(82, 17, '패러글라이딩체험', 'resources/templates/img/', '95.jpg', '패러글라이딩체험(활공장)'),
	(83, 17, '옹기도자기체험', 'resources/templates/img/', '96.jpg', '옹기도자기체험'),
	(84, 17, '명주염색체험', 'resources/templates/img/', '97.jpg', '명주염색체험'),
	(85, 17, '녹색농촌마을체험', 'resources/templates/img/', '98.jpg', '녹색농촌마을체험'),
	(86, 18, '해운대', 'resources/templates/img/', '100.jpg', '부산 해운대구 중동 ·좌동 ·우동 일대의 경승지. 온천장과 해수욕장이 있다. 한국 8경(景)의 하나로 꼽히는 명승지이며, 해운대 자체의 8경이 또 있을 정도로 예로부터 많은 사람들의 찬탄을 받았다.'),
	(87, 18, '청사포', 'resources/templates/img/', '101.jpg', '부산광역시 해운대구 중2동에 있는 포구이다. 부산광역시 해운대구 달맞이길(달맞이고개) 아래에 있는 작은 포구이다. 원래의 한자명은 뱀‘사(蛇)’자가 들어간 청사포(靑蛇浦)였으나 언제부터인가 푸른 모래라는 뜻의 청사포(靑沙浦)로 바뀌었다.'),
	(88, 18, '용궁사', 'resources/templates/img/', '102.jpg', '부산광역시 기장군(機張郡) 기장읍 시랑리에 있는 절.'),
	(89, 18, '광안리', 'resources/templates/img/', '103.jpg', ''),
	(90, 19, '풍남문', 'resources/templates/img/', '105.jpg', '전라북도 전주시 전동에 있는 옛 전주읍성의 남문. 1963년 1월 21일 보물 제308호로 지정되었다. 전주읍성의 남문이다. 임진왜란 때 파괴되었으며, 1734년 영조의 명으로 개축되었다.'),
	(91, 19, '전동성당', 'resources/templates/img/', '106.jpg', '전북 전주시 완산구 전동에 있는, 1914년에 준공된 서양식 근대건축.'),
	(92, 19, '경기전', 'resources/templates/img/', '107.jpg', '조선을 건국한 태조 이성계의 영정을 봉안한 곳으로 태종 10년인 1410년 창건되었다. 사적 제339호로 지정된 경내에는 국보 제317호인 이성계의 어진(왕의 초상화)을 모신 본전과 전주 이씨 시조인 이한공의 위패를 봉안한 조경묘, 조선의 여러 실록을 보관했던 전주사고, 예종의 탯줄을 묻은 태실등의 유적이 있다.'),
	(93, 19, '600년 은행나무', 'resources/templates/img/', '108.jpg', ''),
	(94, 19, '자만벽화마을', 'resources/templates/img/', '109.jpg', '자만벽화마을은 전주 한옥마을과 도로 하나를 사이에 두고 산언덕에 고즈넉이 자리한 곳이다. 승암산 능선 아래 무수히 많은 가옥이 촘촘히 들어서 있는 이곳은 원래 한국전쟁 때 피난민들이 하나둘씩 정착하면서 형성한 평범한 달동네였으나, 2012년 녹색 둘레길 사업의 일환으로 골목길 40여 채의 주택 곳곳에 벽화가 그려지면서 유명해졌다.'),
	(95, 19, '오목대', 'resources/templates/img/', '110.jpg', '오목대는 전라북도 전주시의 완산구 풍남동에 위치한 정자이다.'),
	(96, 20, '남이섬', 'resources/templates/img/', '112.jpg', '북한강 위에 떠 있는 나무들의 나라 북한강 위에 반달 모양으로 떠 있는 남이섬은 1944년 청평댐이 만들어지면서 생겨난 섬으로 배를 타고 들어가야 한다.'),
	(97, 20, '강촌역', 'resources/templates/img/', '113.jpg', '강원도 춘천시 남산면에 있는 기차역이다. 경춘선 백양리역과 김유정역 사이에 있다. 1939년 7월 25일 개업했으며, 2010년 12월 현재의 역사로 이전하여 2010년 12월 21일 복선전철 경춘선이 개통하였고, 2012년 2월 28일 ITX-청춘이 운행을 시작하였다.'),
	(98, 20, '김유정문학촌', 'resources/templates/img/', '114.jpg', '강원도 춘천시 신동면 증리에 있는 김유정 기념마을이다. 한국의 대표적인 단편문학작가 김유정(金裕貞, 1908~1937)의 문학적 업적을 알리고 그의 문학정신을 계승하기 위하여 고향인 실레마을에 조성한 문학공간이다.'),
	(99, 20, '남춘천역', 'resources/templates/img/', '115.jpg', '강원 춘천시 퇴계동에 있는 역이다. 경춘선 김유정역과 춘천역 사이에 있다. 1939년 7월 20일 성산역으로 개업했으며, 1940년 4월 1일 남춘천역으로 역명을 변경하였다.'),
	(100, 20, '옥산가', 'resources/templates/img/', '116.jpg', '쾌적하고 신선한 기운이 가득한 옥동굴 대한민국 유일의 옥광산이자 전세계에서 유일한 백옥광산이다.'),
	(101, 20, '소양강댐', 'resources/templates/img/', '117.jpg', '강원 춘천시 신북읍 소양강에 있는 다목적댐으로 댐 높이 123m, 제방길이 530m, 수면면적 70㎢, 총저수량 29억t이다. 1967년 4월 착공, 1973년 10월 준공되었다.'),
	(102, 20, '애니메이션박물관', 'resources/templates/img/', '118.jpg', ''),
	(103, 20, '춘천역', 'resources/templates/img/', '119.jpg', '강원도 춘천시 근화동에 있는 기차역이다. 경춘선의 시종착역으로 남춘천역 다음에 있다. 1939년 7월 25일 보통역으로 영업을 시작하였다. 2005년 경춘선 복선전철공사로 영업을 중단하였다가 2010년 12월 복선전철의 운행 시작과 함께 영업을 재개시하였다.'),
	(104, 20, '공지천', 'resources/templates/img/', '120.jpg', '강원도 춘천시 동내면 학곡리에서 발원하여 북쪽으로 흘러 시내를 관통한 후 북한강으로 유입되는 한강수계의 지방하천이다. 하천 수계는 본류와 3개의 소하천인 신촌천과 학곡천, 후하천으로 이루어져 있다.'),
	(105, 21, '백제역사문화관', 'resources/templates/img/', '122.jpg', '백제에 대한 체계적인 연구와 자료 수집으로 찬란했던 백제의 역사와 문화, 그들의 삶과 정치·사회·예술 등을 오늘날의 시각으로 재현·복원시켜 백제의 모습과 그 문화를 국내외에 소개시키고자 설립되었다.'),
	(106, 21, '부소산낙화암', 'resources/templates/img/', '123.jpg', '낙화암은 부소산 북쪽의 절벽으로서, 나당연합군에 의해 백제가 멸망할 때 삼천궁녀가 백마강(白馬江)에 몸을 던졌다는 고사로 유명하다.'),
	(107, 21, '구드래조각공원', 'resources/templates/img/', '124.jpg', '충청남도 부여군 부여읍 구교리에 있는 공원. 부소산 서쪽 기슭을 흐르는 백마강에 이웃해 있다.'),
	(108, 21, '성흥산 사랑나무', 'resources/templates/img/', '125.jpg', '충남 부여군 임천면 군사리 산 1-1에 위치한 성흥산의 느티나무. 자원명은 임천 성흥산성느티나무이다. 부여군 향토유적 88호로, 나무의 수령은 400여년으로 추정된다.'),
	(109, 21, '서동요 테마파크', 'resources/templates/img/', '126.jpg', '서동요 테마파크는 약 1만여 평의 대지 위에 조성된 오픈세트장에 오늘날의 과학기술 연구소 격인 "태학사"와 백재왕궁, 왕궁마을, 왕비처소 등이 있고 고려말에서 조선초 건국과정을 풍수지리를 통해 드라마화한 대풍수 세트가 자리하고 있다.'),
	(110, 22, '뮤지엄산', 'resources/templates/img/', '128.jpg', '강원도 원주시 오크밸리 리조트내에 있는 미술관이다. 2013년 5월 16일 한솔뮤지엄으로 개관하였고, 2014년 3월 현재의 명칭으로 변경하였다.'),
	(111, 22, '박경리 문학공원', 'resources/templates/img/', '129.jpg', '강원도 원주시 단구동에 있는 공원. 한국 문단의 기념비적인 작품인 대하소설 《토지》를 주제로 꾸민 공원이다.'),
	(112, 22, '박경리 작가의 집', 'resources/templates/img/', '130.jpg', ''),
	(113, 22, '토지문화관', 'resources/templates/img/', '131.jpg', '강원도 원주시 흥업면 매지리에 있는 토지문화재단의 문화관. ‘삶과 환경의 바탕이 되는 문화와 사상의 새로운 이념정립을 통해 삶의 질을 고양하고 한국 문화발전에 이바지한다’는 목적으로 1999년 개관하였다.'),
	(114, 23, '임진각', 'resources/templates/img/', '900.jpg', '경기도 파주시 문산읍 마정리에 있는 관광지'),
	(115, 23, '도라산역', 'resources/templates/img/', '902.jpg', '경기도 파주시 군내면 도라산리 민통선 안에 있는 경의선의 최북단역. 서울과 신의주를 잇는 경의선(京義線) 철도의 역 중 하나로, 경기도 파주시 군내면 도라산리 민통선 안에 있다.'),
	(116, 23, '도라산전망대', 'resources/templates/img/', '134.jpg', '경기도 파주시 군내면 점원리에 있는 전망대로, 북한의 개성시와 송악산 등이 보인다. 서부전선 군사분계선 최북단에 자리 잡고 있다.'),
	(117, 23, '제3땅굴', 'resources/templates/img/', '135.jpg', '제3땅굴은 1974년 9월 5일 귀순한 북한의 김부성씨에 의해 땅굴공사 첩보를 근거로 1975년부터 문산 지역에 대한 시추작업을 하였으나 땅굴 징후를 포착하지 못하다가 1978년 6월 10일 시추공 중 1개가 폭발함으로서 역갱도 굴착 공사를 실시, 1978년 10월 17일 적갱도에 관통하여 판문점 남방 4km 지점에서 발견되었다.'),
	(118, 23, '통일촌마을', 'resources/templates/img/', '136.jpg', ''),
	(119, 23, '임진각평화공원', 'resources/templates/img/', '137.jpg', ''),
	(120, 23, '오두산전망대', 'resources/templates/img/', '138.jpg', '경기도 파주시 탄현면 성동리에 있는 전망대. 한강과 임진강이 만나는 빼어난 경관을 자랑하는 오두산(烏頭山)에 세워졌다.'),
	(121, 24, '장흥자생수목원', 'resources/templates/img/', '140.jpg', '장흥관광지 내에 있는 장흥자생수목원은 개명산 형제봉 능선의 231,397㎡(7만여 평)의 자연림을 배경으로 한 자연생태수목원으로 조성된 장흥자생수목원의 특징은 기존 산림의 모양과 식생을 최대한 훼손하지 않고 자연생태를 보존한 진정한 생태학습장이며 휴식과 재충전을 위한 산림욕장이기도 하다.'),
	(122, 24, '송암스페이스센터', 'resources/templates/img/', '141.jpg', '송암스페이스센터는 어린이와 청소년에게 꿈과 희망을 키워 우주 시대의 개척자로 자랄 수 있는 기회를 주고, 어른에게는 고향에서 보던 별에 대한 아련한 추억을 되살릴 수 있도록 하기 위해 한일철강 회장을 역임한 송암(松岩) 엄춘보(嚴春甫)가 건립을 추진하였다.'),
	(123, 24, '권율장군묘', 'resources/templates/img/', '142.jpg', '조선 중기의 문신이며 명장인 권율(權慄, 1537∼1599)과 정부인 창녕 조씨, 후부인 죽산 박씨의 묘이다.'),
	(124, 24, '장흥조각아뜰리에', 'resources/templates/img/', '143.jpg', '장흥조각아카데미는 창작에 어려움을 겪는 조각가들에게 특화된 작업장을 제공하고, 전시를 비롯한 다양한 프로그램을 지원하기 위해 2008년에 개장하였다. 장흥조각아카데미는 본래 입장객 감소로 문을 닫은 수영장을 양주시가 구입하여 예술 문화 공간으로 변모시킨 곳이다.'),
	(125, 24, '청암민속박물관', 'resources/templates/img/', '144.jpg', '청암민속박물관은 야생식물원과 박물관 그리고 체험관으로 이루어져 있다. 약 12,000여점의 민속생활용품과 수백종류의 야생화단지를 견학하고 민속놀이인 그네타기, 널뛰기, 윷놀이, 투호놀이 등 다양한 민속체험이 있으며 피자성 효인방이 있어 피자만들기체험도 할 수 있다.'),
	(126, 25, '대왕암공원', 'resources/templates/img/', '146.jpg', '울산광역시 동구 일산동 해안에 있는 공원이다. 우리나라 동남단에서 동해 쪽으로 뾰족하게 나온 부분의 끝 지점에 있는 공원으로, 1984년에 공원으로 지정되었다.'),
	(127, 25, '슬도 성끝 벽화마을', 'resources/templates/img/', '147.jpg', ''),
	(128, 25, '울산대공원 장미축제', 'resources/templates/img/', '148.jpg', ''),
	(129, 25, '태화강공원', 'resources/templates/img/', '149.jpg', '울산광역시 중구 태화동 태화강변에 있는 공원. 울산광역시의 동쪽과 서쪽을 가로질러 도심의 중심을 흐르는 태화강 강변을 공원으로 조성한 곳이다.'),
	(130, 26, '장생포', 'resources/templates/img/', '151.jpg', '울산광역시 남구 장생포동에 있는 포구.'),
	(131, 26, '신화마을', 'resources/templates/img/', '152.jpg', '신화마을은 1960년대에 울산공단의 형성으로 삶의 터전을 잃은 사람들을 위해 만들어진 공단 이주민촌이다.'),
	(132, 26, '선암호수공원', 'resources/templates/img/', '153.jpg', '울산광역시 남구 선암동 476-2번지 일원에 있는 자연생태공원. 선암댐을 중심으로 조성된 공원이다.'),
	(133, 26, '삼산디자인거리', 'resources/templates/img/', '154.jpg', ''),
	(134, 27, '인천 개항장 문화지구', 'resources/templates/img/', '156.jpg', ''),
	(135, 27, '차이나타운', 'resources/templates/img/', '157.jpg', '인천 차이나타운은 1883년 인천항이 개항되고 1884년 이 지역이 청의 치외법권(治外法權, extraterritoriality) 지역으로 지정되면서 생겨났다.'),
	(136, 27, '짜장면박물관', 'resources/templates/img/', '158.jpg', '박물관은 지상 2층 규모로 1층에는 1960년대 공화춘 주방의 모습을 고스란히 재현했다.아이들의 눈높이에 맞춰 짜장면을 만드는 전 과정을 보여준다.'),
	(137, 27, '동화마을', 'resources/templates/img/', '159.jpg', '인천 중구에 자리한 ‘송월동 동화마을’이다. 송월동은 소나무가 많아 솔골 또는 송산으로 불리다 소나무 숲 사이로 보이는 달이 운치가 있다하여 송월동이라 불렀다.'),
	(138, 27, '한국이민사박물관', 'resources/templates/img/', '160.jpg', '인천광역시 중구 월미공원 안에 있는 박물관으로 2008년 6월 개관하였다.'),
	(139, 28, '청송꽃돌채굴체험장', 'resources/templates/img/', '162.jpg', ''),
	(140, 28, '신촌약수탕', 'resources/templates/img/', '163.jpg', '안동과 영덕을 잇는 34번 국도변의 중간에 있는 신촌약수는 100년이 넘는 역사를 가지고 있으며 풍부한 수량을 자랑한다.'),
	(141, 28, '군립야송미술관', 'resources/templates/img/', '164.jpg', '청송야송미술관은 지역출신 한국화가로 대한민국미술대전 심사위원을 지낸 한국화가 야송(野松) 이원좌(李元佐) 화백이 소장하고 있던 한국화 및 도예작품 등 350점, 국내외 유명 화가와 조각가들의 작품 50여 점, 미술관련 서적 1만여 점을 기증받아 舊 신촌초등학교를 현대식 미술관으로 단장하고 2005년 4월 29일 개관하였다.'),
	(142, 28, '청송옹기', 'resources/templates/img/', '165.jpg', ''),
	(143, 28, '주왕산국립공원 탐방로', 'resources/templates/img/', '166.jpg', '1976년 3월 30일 우리나라의 12번째 국립공원으로 지정되었다.'),
	(144, 29, '백석탄', 'resources/templates/img/', '168.jpg', '경상북도 청송군 안덕면 고와리에 있는 계곡. 방호정(경북민속자료 51)이 있는 신성계곡 북서쪽에 있다.'),
	(145, 29, '신성공룡발자국', 'resources/templates/img/', '169.jpg', ''),
	(146, 29, '방호정 신성계곡', 'resources/templates/img/', '170.jpg', '경상북도 청송군 안덕면 신성리에 있는 계곡. 계곡 초입의 바위 절벽 위에 자리잡은 방호정(方壺亭:경북 민속자료 51)부터 인근 고와리의 백석탄계곡(白石灘溪谷)까지 이르는 15㎞ 구간을 말하며, 계곡을 따라 흐르는 물은 낙동강의 상류를 이룬다.'),
	(147, 29, '청송얼음골', 'resources/templates/img/', '171.jpg', '속칭 잣밭골이라고도 하는 이곳 얼음골은 골이 깊고 수목이 울창하며, 기암절벽이 절경을 연출하고 있어 여름철 야영장소로 제격이다.'),
	(148, 29, '청송백자', 'resources/templates/img/', '172.jpg', ''),
	(149, 29, '주산지', 'resources/templates/img/', '173.jpg', '경상북도 청송군 부동면 이전리에 있는 저수지. 2013년 3월 21일 주산지를 비롯하여 그 일원(一圓)이 국가지정문화재 명승 제105호로 지정되었다.'),
	(150, 30, '안동 구시장', 'resources/templates/img/', '174.jpg', '안동구시장은 하회마을 등 전통과 역사가 살아있는 안동에 있는 전통시장이다.'),
	(151, 30, '맘모스제과', 'resources/templates/img/', '175.jpg', ''),
	(152, 30, '헛제사밥 까치구멍집', 'resources/templates/img/', '176.jpg', ''),
	(153, 30, '월영교', 'resources/templates/img/', '177.jpg', '경상북도 안동시 상아동과 성곡동 일원 안동호에 놓인 목책교. 한 부부의 아름답고 숭고한 사랑이 간직되어 있는 나무다리이다.'),
	(154, 30, '병산서원', 'resources/templates/img/', '178.jpg', '병산서원(屛山書院)은 경상북도 안동시 풍천면 병산리에 있다. 서원은 본래 풍산읍에 있던 풍악서당을 모체로 하여 건립되었다.'),
	(155, 30, '하회마을', 'resources/templates/img/', '179.jpg', '경상북도 안동시 풍천면 하회리에 있는 민속마을. 2010년 8월 유네스코 세계문화유산으로 등재되었다.'),
	(156, 30, '정암사', 'resources/templates/img/', '180.jpg', ''),
	(157, 30, '찜닭골목', 'resources/templates/img/', '181.jpg', ''),
	(158, 31, '충렬사', 'resources/templates/img/', '185.jpg', '경남 통영시 명정동에 있는 조선시대의 건물. 사적 제236호. 1973년 지정. 면적은 9,049m2이다. 이충무공의 위업을 기리기 위해 위패를 모시고 있다.'),
	(159, 31, '한려수도케이블카', 'resources/templates/img/', '186.jpg', '우리나라 100대 명산인 미륵산에 설치된 한려수도 조망 케이블카는 국내 최초 자동순환식 bi-cable 형식, 국내 최장(1,975m)의 관광용 케이블카이다.'),
	(160, 31, '수산과학관', 'resources/templates/img/', '187.jpg', '통영수산과학관은 수도 서울의 4배가 넘는 바다 정원을 가진 통영시에서 "땅 위의 바다"라는 주제를 가지고 만든 바다친화 과학관입니다.'),
	(161, 31, '달아공원', 'resources/templates/img/', '188.jpg', '경상남도 통영시 미륵도 남단에 있는 공원. 통영시 남쪽의 미륵도 해안을 일주하는 23km의 산양일주도로 중간에 있다. 달아라는 이름은 이곳 지형이 코끼리 어금니와 닮았다고 해서 붙여졌는데 지금은 달구경하기 좋은 곳이라는 뜻으로 쓰인다고 한다.'),
	(162, 31, '해저터널', 'resources/templates/img/', '189.jpg', '통영해저터널은 통영과 미륵도를 연결하기 위해 건설된 해저터널이다. 1931년부터 1932년까지 1년 4개월에 걸쳐 만들어진 동양 최초의 바다 밑 터널로 길이 483m, 너비 5m, 높이 3.5m이다.'),
	(163, 31, '남망산공원', 'resources/templates/img/', '190.jpg', '경남 통영시 동호동에 있는 공원. 충무공원(忠武公園)이라고도 한다. 벚나무와 소나무가 우거진 높이 80 m의 남망산을 중심으로 전개된 공원으로 남동쪽으로 거북등대와 한산도(閑山島) ·해갑도(解甲島) ·죽도(竹島) 등의 한려수도(閑麗水道)의 절경을 바라볼 수 있다.'),
	(164, 31, '중앙시장', 'resources/templates/img/', '191.jpg', '통영중앙시장은 한려수도의 관문인 통영에 위치한 전통시장이다. 동피랑벽화마을과 강구안 문화마당 등 유명 관광 명소와 가까이 있어 관광객들과 지역 주민을 상대로 활어를 비롯해 다양한 물품들을 판매하고 있다.'),
	(165, 32, '미래사 편백나무숲', 'resources/templates/img/', '193.jpg', '미래사 주위의 편백나무 숲은 전국 사찰 임야로써는 유일한 것으로서 70여 년 전 일본인이 심어 가꾸다가 해방이 되어 돌아가자 미래사에서 매입하여 오늘날의 큰 숲으로 가꾸어 온 것이다.'),
	(166, 32, '달아공원', 'resources/templates/img/', '188.jpg', '경상남도 통영시 미륵도 남단에 있는 공원. 통영시 남쪽의 미륵도 해안을 일주하는 23km의 산양일주도로 중간에 있다. 달아라는 이름은 이곳 지형이 코끼리 어금니와 닮았다고 해서 붙여졌는데 지금은 달구경하기 좋은 곳이라는 뜻으로 쓰인다고 한다.'),
	(167, 32, '해저터널', 'resources/templates/img/', '189.jpg', '통영해저터널은 통영과 미륵도를 연결하기 위해 건설된 해저터널이다. 1931년부터 1932년까지 1년 4개월에 걸쳐 만들어진 동양 최초의 바다 밑 터널로 길이 483m, 너비 5m, 높이 3.5m이다.'),
	(168, 32, '동피랑마을', 'resources/templates/img/', '194.jpg', '경상남도 통영시 동호동에 있는 마을로 중앙시장 뒤편 언덕에 있다. 통영의 대표적인 어시장인 중앙시장 뒤쪽 언덕에 있는 마을로, ‘동피랑’이란 이름은 ‘동쪽 벼랑’이라는 뜻이다.'),
	(169, 33, '학동몽돌해변', 'resources/templates/img/', '196.jpg', '경상남도 거제시 동부면 학동리에 있는 해변. 해변 면적은 3만㎢, 길이는 1.2km, 폭은 50m로, 거제도 남쪽에 있다. 몽돌이 깔린 해변이 해수욕장으로 활용되며 학동몽돌해수욕장·학동해수욕장이라고도 한다.'),
	(170, 33, '바람의언덕', 'resources/templates/img/', '197.jpg', '남부면 해금강마을 가기 전 도장포 마을이 있다. 좌측으로 내려가면 도장포 유람선선착장이 있어 외도.해금강 관광을 할수 있으며, 매표소에서 바라다 보이는 언덕이 바람의 언덕이다. 이곳은 잔디로 이루어진 민둥산이며 바다가 시원스레 바라다 보이는 전망이 좋은 곳이다.'),
	(171, 33, '해금강유람선 선착장', 'resources/templates/img/', '198.jpg', '해금강 유람선은 거제도의 바다절경중 최고의 풍광을 자랑하는 해금강의 중심에 위치하는 곳으로 거제시 남부면 갈곶리 해금강마을 바닷가 암벽옆에 위치해 있다. \r\n해금강은 유람선 선착장 앞으로 펼쳐져 있는데 선착장으로부터 약 500m 해상에 위치하며 선착장에서 바라 보고만 있어도 좋은 풍경을 만들어 낸다.'),
	(172, 33, '병대도전망대', 'resources/templates/img/', '199.jpg', ''),
	(173, 33, '척포해변', 'resources/templates/img/', '200.jpg', ''),
	(174, 34, '낙안읍성', 'resources/templates/img/', '202.jpg', '고려 후기부터 왜구가 자주 침입하자 1397년(태조 6)에 낙안 출신의 절제사(節制使)인 김빈길(金贇吉)이 흙으로 성곽을 쌓았다."세종실록"에는 1424년(세종 6) 9월부터 성벽을 돌로 고쳐 쌓으면서 원래의 규모보다 넓혔다고 기록되어 있다.'),
	(175, 34, '원창폐역', 'resources/templates/img/', '203.jpg', '원창역사는 1930년대에 지어진 역사로서, 일제강점기 표준설계도서에 따라 건립되고 그 특성을 고스란히 간직하고 있기 때문에 건축적, 철도사적 가치가 큰 것으로 평가되어 등록문화재로 지정되었다.'),
	(176, 34, '화포해변', 'resources/templates/img/', '204.jpg', '순천만에 위치하며, 동쪽으로 여수시, 남쪽으로 고흥군, 서쪽으로 보성군과 바다로 접한다. 수산자원이 풍부하고, 간조 때 깨끗한 개펄에서 잡히는 세발낙지가 유명하며, 겨울이면 흑두루미·저어새·검은머리갈매기 등 철새들이 몰려와 장관을 이룬다.'),
	(177, 34, '장산갈대밭', 'resources/templates/img/', '205.jpg', ''),
	(178, 35, '순천 드라마 세트장', 'resources/templates/img/', '207.jpg', '전라남도 순천시 조례동에 있는 오픈 드라마세트장으로, 1950년대 후반부터 1980년대까지의 가옥, 상가, 거리 등이 재현되어 있다. 순천시가 조성하고 운영하는 오픈 드라마세트장(일반인에게 공개하는 세트장)으로, 2006년 2월 개장하였다.'),
	(179, 35, '순천만 국가정원', 'resources/templates/img/', '208.jpg', '순천만을 보호하기 위하여 조성한 순천만국가정원은 순천 도사동 일대 정원부지 112만㎡(34만 평)에는 나무 505종 79만 주와 꽃 113종 315만 본이 식재됐다. 튤립과 철쭉 등이 꽃망울을 터뜨려 장관을 이루고 있다.'),
	(180, 35, '순천만습지', 'resources/templates/img/', '209.jpg', '순천시 교량동과 대대동, 해룡면의 중흥리, 해창리 선학리 등에 걸쳐 있는 순천만 갈대밭의 총 면적은 약 15만평에 달한다. 순천 시내를 관통하는 동천과 순천시 상사면에서 흘러 온 이사천의 합수 지점부터 하구에 이르는 3㎞ 쯤의 물길양쪽이 죄다 갈대밭으로 뒤덮혀 있다.'),
	(181, 35, '해바라기밭', 'resources/templates/img/', '210.jpg', ''),
	(182, 35, '와온해변', 'resources/templates/img/', '211.jpg', '전라남도 순천시 해룡면 상내리 와온마을에 있는 해변이다. 동쪽으로는 전라남도 여수시 율촌면 가장리, 남서쪽으로는 고흥반도와 순천만에 인접한 해변으로, 순천만의 동쪽 끄트머리인 순천시 해룡면 상내리 와온마을 앞바다에 있다.'),
	(183, 35, '물빛축제', 'resources/templates/img/', '212.jpg', ''),
	(184, 36, '문화의거리', 'resources/templates/img/', '214.jpg', ''),
	(185, 36, '700년골목길', 'resources/templates/img/', '215.jpg', ''),
	(186, 36, '웃장', 'resources/templates/img/', '216.jpg', ''),
	(187, 36, '폐교체험', 'resources/templates/img/', '217.jpg', ''),
	(188, 37, '와온 해안도로', 'resources/templates/img/', '219.jpg', ''),
	(189, 37, '칠면초 군락지', 'resources/templates/img/', '220.jpg', ''),
	(190, 37, '꼬막 채묘장', 'resources/templates/img/', '221.jpg', ''),
	(191, 37, '와온공원', 'resources/templates/img/', '222.jpg', ''),
	(192, 38, '채석강', 'resources/templates/img/', '224.jpg', '전라북도 부안군 변산반도 맨 서쪽에 있는 해식절벽과 바닷가. 1976년 4월 2일 전라북도기념물 제28호로 지정되었고, 2004년 11월 17일 명승 제13호로 지정되었다.'),
	(193, 38, '수성당', 'resources/templates/img/', '225.jpg', '전라북도 부안군 변산면 격포리에 있는 조선시대의 건축물. 1974년 9월 27일 전라북도유형문화재 제58호로 지정되었다.'),
	(194, 38, '내소사', 'resources/templates/img/', '226.jpg', '전라북도 부안군 진서면 석포리에 있는 사찰. 대한불교조계종 제24교구 본사 선운사(禪雲寺)의 말사이다.'),
	(195, 38, '곰소염전', 'resources/templates/img/', '227.jpg', '부안군 진서면 진서리에 위치한 곰소염전은 우리나라에서 몇 안 되는 천일염지인 이곳은 바다와 인접한 다른 염전과 달리 곰소만 안쪽에 자리잡고 있다.'),
	(196, 38, '부안 청자박물관', 'resources/templates/img/', '228.jpg', '부안군 고려청자 유적지인 유천도요지(사적 제69호) 터에 2011년 개관한 청자박물관은 비색 청자찻잔 형태의 아름다운 건물로 고려청자 30여 점을 비롯해 유적지에서 출토된 청자 조각과 역사 자료 등을 전시하고 있다.'),
	(197, 39, '감고당길', 'resources/templates/img/', '230.jpg', ''),
	(198, 39, '국립현대미술관', 'resources/templates/img/', '231.jpg', '서울 종로구 삼청로에 있는 국립현대미술관 분관이다. 2013년 11월 개관하였으며, 과천 본관, 덕수궁관에 이어 세 번째로 설립되었다.'),
	(199, 39, '헌법재판소', 'resources/templates/img/', '232.jpg', '한 국가 내에서 최고의 실정법 규범인 헌법에 관한 분쟁이나 의의를 사법적 절차에 따라 해결하는 특별재판소. 입법례상 헌법적 분쟁을 일반법원이 담당하는 유형과 독립된 헌법재판소가 담당하도록 하는 유형으로 나뉜다.'),
	(200, 39, '백인제가옥', 'resources/templates/img/', '233.jpg', '백인제가옥은 전통적인 한옥의 아름다움을 유지하면서도 근대적 변화를 수용하여, 건축 규모나 역사적 가치 면에서 윤보선 가옥과 함께 북촌을 대표하는 건축물로 소개되고 있다.'),
	(201, 39, '삼청동', 'resources/templates/img/', '234.jpg', '서울특별시 종로구에 있는 동. 면적 1.49㎢, 인구 3,671명(2008)이다. 서울특별시 종로구에 속한 동이다.'),
	(202, 39, '청와대앞길', 'resources/templates/img/', '235.jpg', '문민정부가 들어서면서 개방된 청와대 앞길은 효자동의 효자 삼거리에서 팔판동의 팔판 삼거리에 이르는 길이다.'),
	(203, 39, '효자동', 'resources/templates/img/', '236.jpg', '서울특별시 종로구에 있는 동. 서울특별시 종로구에 속한 동이다. 인왕산 기슭에 있으며 동쪽은 세종로(경복궁), 서쪽은 옥인동, 남쪽은 창성동, 북쪽은 궁정동과 접해 있다.'),
	(204, 39, '미로미로골목', 'resources/templates/img/', '237.jpg', ''),
	(205, 40, '감고당길', 'resources/templates/img/', '230.jpg', ''),
	(206, 40, '카페자작나무이야기', 'resources/templates/img/', '239.jpg', ''),
	(207, 40, '운현궁양관(도깨비 집)', 'resources/templates/img/', '240.jpg', ''),
	(208, 40, '써니의 가게', 'resources/templates/img/', '241.jpg', ''),
	(209, 41, '창덕궁 돌담길', 'resources/templates/img/', '243.jpg', ''),
	(210, 41, '원서동 옛 빨래터', 'resources/templates/img/', '244.jpg', ''),
	(211, 41, '고희동 선생 가옥', 'resources/templates/img/', '245.jpg', '최초의 서양화가로서 후진을 양성하고 근대적 화단을 형성하고 이끌어나간 고희동 선생이 살던 곳이다. 선생이 일본 유학을 마치고 돌아와 지은 목조 기와집으로, 근대 초기 한국주택의 특징을 잘 보여준다.'),
	(212, 41, '북촌1경', 'resources/templates/img/', '246.jpg', '* 북촌1경 – 창덕궁전경'),
	(213, 41, '중앙고등학교', 'resources/templates/img/', '247.jpg', '서울특별시 종로구 창덕궁길에 있는 사립고등학교로 1908년 개교했다.'),
	(214, 41, '골목길 속 숨겨진 도서관', 'resources/templates/img/', '248.jpg', ''),
	(215, 42, '경복궁 광화문', 'resources/templates/img/', '250.jpg', ''),
	(216, 42, '감고당길', 'resources/templates/img/', '230.jpg', ''),
	(217, 42, '국립현대미술관', 'resources/templates/img/', '231.jpg', '서울 종로구 삼청로에 있는 국립현대미술관 분관이다. 2013년 11월 개관하였으며, 과천 본관, 덕수궁관에 이어 세 번째로 설립되었다.'),
	(218, 42, '윤보선가', 'resources/templates/img/', '251.jpg', '서울특별시 종로구 안국동에 있는 조선 후기에 지은 윤보선(1897∼1990)의 고가. 2002년 1월 29일 사적 제438호로 지정되었다.'),
	(219, 42, '헌법재판소 백송', 'resources/templates/img/', '232.jpg', '한 국가 내에서 최고의 실정법 규범인 헌법에 관한 분쟁이나 의의를 사법적 절차에 따라 해결하는 특별재판소. 입법례상 헌법적 분쟁을 일반법원이 담당하는 유형과 독립된 헌법재판소가 담당하도록 하는 유형으로 나뉜다.'),
	(220, 42, '백인제 가옥', 'resources/templates/img/', '233.jpg', '백인제가옥은 전통적인 한옥의 아름다움을 유지하면서도 근대적 변화를 수용하여, 건축 규모나 역사적 가치 면에서 윤보선 가옥과 함께 북촌을 대표하는 건축물로 소개되고 있다.'),
	(221, 42, '가회동 한옥마을', 'resources/templates/img/', '252.jpg', '서울특별시 종로구 가회동, 재동, 삼청동 일대의 한옥이 모여 있는 곳'),
	(222, 42, '북촌 3경', 'resources/templates/img/', '253.jpg', '가희동 11번지 일대 아름다운 한옥과 전통문화를 체험할 수 있는 여러 공방이 자리하고 있다.'),
	(223, 43, '통의동 한옥마을', 'resources/templates/img/', '255.jpg', ''),
	(224, 43, '통인시장', 'resources/templates/img/', '256.jpg', '서울특별시 종로구 자하문로15길 18(통인동 10-3번지)에 있는 전통시장.'),
	(225, 43, '이상의 집', 'resources/templates/img/', '257.jpg', ''),
	(226, 43, '박노수 미술관', 'resources/templates/img/', '258.jpg', ''),
	(227, 43, '대림미술관', 'resources/templates/img/', '259.jpg', '서울특별시 종로구 통의동에 있는 사립 미술관.'),
	(228, 43, '우당기념관', 'resources/templates/img/', '260.jpg', '독립운동가 우당 이회영의 삶과 정신을 기리기 위하여 건립한 기념관으로 서울특별시 종로구 신교동 6-22번지에 있다. 한말과 일제강점기에 독립운동에 헌신하다 일본경찰에 붙잡혀 심한 고문 끝에 순국한 이회영의 삶과 정신을 기리기 위하여 건립되었다.'),
	(229, 43, '청와대 사랑채', 'resources/templates/img/', '261.jpg', '서울특별시 종로구 효자동에 있는 전시관. 본래 대통령 비서실장 공관으로 사용되던 건물이다.');
/*!40000 ALTER TABLE `boardcourse` ENABLE KEYS */;

-- 테이블 project.review 구조 내보내기
CREATE TABLE IF NOT EXISTS `review` (
  `no` int(11) NOT NULL AUTO_INCREMENT,
  `boardNo` int(11) NOT NULL,
  `content` varchar(2000) NOT NULL,
  `name` varchar(20) NOT NULL,
  `date` timestamp NOT NULL DEFAULT current_timestamp() ON UPDATE current_timestamp(),
  PRIMARY KEY (`no`)
) ENGINE=InnoDB AUTO_INCREMENT=1074 DEFAULT CHARSET=utf8;

-- 테이블 데이터 project.review:~32 rows (대략적) 내보내기
/*!40000 ALTER TABLE `review` DISABLE KEYS */;
INSERT INTO `review` (`no`, `boardNo`, `content`, `name`, `date`) VALUES
	(6, 1, 'dd', '박기윤', '2018-01-11 17:53:09'),
	(7, 1, '헤헤?', '박기윤', '2018-01-11 17:53:09'),
	(12, 4, 'gpgp', '박기윤', '2018-01-17 14:06:49'),
	(13, 1, 'ggggg', '박기윤', '2018-01-17 20:54:00'),
	(14, 9, 'ggggg', '박기윤', '2018-01-17 20:55:04'),
	(15, 1, '제발제발', '박기윤', '2018-01-19 10:42:20'),
	(16, 2, '와우!', '박기윤', '2018-01-19 10:42:52'),
	(17, 5, '양평 기모찌', 'test', '2018-01-22 10:11:03'),
	(18, 5, '앙앙', 'test', '2018-01-22 10:12:56'),
	(1049, 5, '헤헤', 'test', '2018-01-22 10:15:25'),
	(1050, 5, '룰루랄라', 'test', '2018-01-22 10:16:15'),
	(1051, 6, '두원공대는 왜 없어요?', 'test', '2018-01-22 10:19:20'),
	(1052, 1, 'ㅇㅇㅇㅇㅇㅇ', '은비', '2018-01-22 10:20:49'),
	(1053, 1, 'hello', 'hello', '2018-01-22 10:23:06'),
	(1054, 2, 'dddd', 'hello', '2018-01-22 10:27:03'),
	(1055, 2, 'ffffffffffffffffffff', 'hello', '2018-01-22 10:27:07'),
	(1056, 1, '우와 너무이뽀요 ~', '은비', '2018-01-22 10:27:32'),
	(1057, 9, '힘을내요', 'hello', '2018-01-22 10:29:13'),
	(1058, 42, '힘을내', 'hello', '2018-01-22 10:29:36'),
	(1059, 42, '어서 고쳐주세요', 'hello', '2018-01-22 10:29:42'),
	(1060, 1, '리이뷰우', '홍길동', '2018-01-22 14:58:13'),
	(1063, 11, 'ㅁㅁㅁㅁㅁㅁㅁㅁㅁㅁㅁㅁㅁ', 'hello', '2018-01-23 09:57:29'),
	(1064, 2, '흔드렁재껴', '승뚜니', '2018-01-23 18:05:51'),
	(1065, 38, '부안 진짜 예쁘네요!', 'test', '2018-01-24 09:36:57'),
	(1066, 7, '파주!', '은비', '2018-01-24 09:56:50'),
	(1067, 28, '리뷰', 'test1', '2018-01-24 10:13:49'),
	(1068, 41, '리뷰', 'test2', '2018-01-24 10:38:29'),
	(1069, 43, '리뷰', 'test3', '2018-01-24 15:18:47'),
	(1070, 43, '리뷰2', '테스터', '2018-01-24 15:22:31'),
	(1071, 41, '리뷰2', '테스터', '2018-01-24 16:10:29'),
	(1072, 37, '와..일몰간지', 'test', '2018-01-25 09:53:23'),
	(1073, 8, '대구막창 존맛탱이요', 'test', '2018-01-25 09:54:16');
/*!40000 ALTER TABLE `review` ENABLE KEYS */;

-- 테이블 project.user 구조 내보내기
CREATE TABLE IF NOT EXISTS `user` (
  `no` int(11) NOT NULL AUTO_INCREMENT,
  `id` varchar(10) NOT NULL,
  `pw` varchar(10) NOT NULL,
  `email` varchar(100) NOT NULL DEFAULT '0',
  `name` varchar(20) NOT NULL,
  `auth` int(11) NOT NULL DEFAULT 0,
  PRIMARY KEY (`no`)
) ENGINE=InnoDB AUTO_INCREMENT=22 DEFAULT CHARSET=utf8;

-- 테이블 데이터 project.user:~20 rows (대략적) 내보내기
/*!40000 ALTER TABLE `user` DISABLE KEYS */;
INSERT INTO `user` (`no`, `id`, `pw`, `email`, `name`, `auth`) VALUES
	(1, 'kiyoon1008', 'kiyoon', 'kiyoon1008@naver.com', '박기윤', 1),
	(2, 'kiyoonpark', 'kiyoon', 'kiyoonpark@daum.net', '한승준', 1),
	(3, 'kiyoon', 'kiyoon', 'kiyoon1008@nate.com', '김세영', 1),
	(4, 'test', 'test', 'test@naver.com', 'test', 0),
	(5, '은비', '1', 'dmsql@naver.com', '은비', 0),
	(6, 'hello', 'hello', 'hello@hello.com', 'hello', 0),
	(7, 'bbo', 'bbo', 'bbo@naver.com', '김보경', 0),
	(9, 'hong123', '1234', 'hong@naver.com', '홍길동', 0),
	(10, 'ojun321', '1234', 'ojun321@naver.com', '승뚜니', 0),
	(11, 'honghong', '1234', 'gildong@naver.com', 'hong gildong', 0),
	(12, '은비1', '11', 'dmsql@na', '은비', 0),
	(13, 'test1', 'test1', 'test1@naver.com', 'test1', 0),
	(14, 'test2', 'test2', 'test2@naver.com', 'test2', 0),
	(15, '123', '123', 'test@naver.com', 'test', 0),
	(16, 'hi', 'hi', 'test@naver.com', '테스터', 0),
	(17, 'test3', 'test3', 'test3@naver.com', 'test3', 0),
	(18, 'gdj7', 'gdj7', 'gdj7@naver.com', '테스터', 0),
	(19, 'test6', 'test6', 'test6@naver.com', '테스터', 0),
	(20, 'pp', 'pp', 'pp@naver.com', 'pp', 0),
	(21, '박기윤좆', '959114', 'kjh59924@naver.com', '박기윤좆', 0);
/*!40000 ALTER TABLE `user` ENABLE KEYS */;

/*!40101 SET SQL_MODE=IFNULL(@OLD_SQL_MODE, '') */;
/*!40014 SET FOREIGN_KEY_CHECKS=IF(@OLD_FOREIGN_KEY_CHECKS IS NULL, 1, @OLD_FOREIGN_KEY_CHECKS) */;
/*!40101 SET CHARACTER_SET_CLIENT=@OLD_CHARACTER_SET_CLIENT */;
