-- --------------------------------------------------------
-- 호스트:                          gudi.kr
-- 서버 버전:                        5.5.52-MariaDB - MariaDB Server
-- 서버 OS:                        Linux
-- HeidiSQL 버전:                  9.4.0.5125
-- --------------------------------------------------------

/*!40101 SET @OLD_CHARACTER_SET_CLIENT=@@CHARACTER_SET_CLIENT */;
/*!40101 SET NAMES utf8 */;
/*!50503 SET NAMES utf8mb4 */;
/*!40014 SET @OLD_FOREIGN_KEY_CHECKS=@@FOREIGN_KEY_CHECKS, FOREIGN_KEY_CHECKS=0 */;
/*!40101 SET @OLD_SQL_MODE=@@SQL_MODE, SQL_MODE='NO_AUTO_VALUE_ON_ZERO' */;


-- trois 데이터베이스 구조 내보내기
CREATE DATABASE IF NOT EXISTS `trois` /*!40100 DEFAULT CHARACTER SET utf8 */;
USE `trois`;

-- 테이블 trois.admin_board 구조 내보내기
CREATE TABLE IF NOT EXISTS `admin_board` (
  `no` int(100) NOT NULL DEFAULT '1',
  `company` varchar(30) NOT NULL,
  `title` varchar(30) NOT NULL,
  `contents` varchar(100) NOT NULL,
  `del_yn` varchar(1) NOT NULL DEFAULT 'N',
  `reg_date` timestamp NOT NULL DEFAULT CURRENT_TIMESTAMP
) ENGINE=InnoDB DEFAULT CHARSET=utf8;

-- 테이블 데이터 trois.admin_board:~2 rows (대략적) 내보내기
/*!40000 ALTER TABLE `admin_board` DISABLE KEYS */;
INSERT INTO `admin_board` (`no`, `company`, `title`, `contents`, `del_yn`, `reg_date`) VALUES
	(1, '구디 아카데미', '환영합니다.', '이 게시판은 공지사항을 작성할 수 있습니다.', 'N', '2018-01-13 17:52:36'),
	(2, '구디 아카데미', '공지사항 테스트', '테스트중입니다.\n네.', 'N', '2018-01-13 17:53:44');
/*!40000 ALTER TABLE `admin_board` ENABLE KEYS */;

-- 테이블 trois.inven 구조 내보내기
CREATE TABLE IF NOT EXISTS `inven` (
  `user_ID` varchar(20) NOT NULL,
  `item_No` int(100) NOT NULL,
  `item_Name` varchar(30) NOT NULL,
  `item_Price` int(100) NOT NULL,
  `inven_Amount` int(100) NOT NULL DEFAULT '0',
  `reserv_Date` timestamp NOT NULL DEFAULT CURRENT_TIMESTAMP ON UPDATE CURRENT_TIMESTAMP,
  `del_yn` varchar(2) NOT NULL DEFAULT 'N'
) ENGINE=InnoDB DEFAULT CHARSET=utf8;

-- 테이블 데이터 trois.inven:~18 rows (대략적) 내보내기
/*!40000 ALTER TABLE `inven` DISABLE KEYS */;
INSERT INTO `inven` (`user_ID`, `item_No`, `item_Name`, `item_Price`, `inven_Amount`, `reserv_Date`, `del_yn`) VALUES
	('admin', 1, '프라이드 치킨', 12500, 0, '2018-01-13 11:32:39', 'N'),
	('admin', 2, '양념 치킨', 14500, 0, '2018-01-13 11:32:54', 'N'),
	('admin', 3, '간장 치킨', 14500, 0, '2018-01-13 11:33:18', 'N'),
	('admin', 4, '파닭 치킨', 15000, 0, '2018-01-13 11:33:35', 'N'),
	('admin', 5, '불닭 치킨', 15000, 0, '2018-01-13 11:33:48', 'N'),
	('admin', 6, '콜라 500ml', 2000, 0, '2018-01-13 11:34:03', 'N'),
	('admin', 7, '콜라 1.25L', 3000, 0, '2018-01-13 11:34:29', 'N'),
	('admin', 8, '사이다 500ml', 2000, 0, '2018-01-13 11:34:55', 'N'),
	('admin', 9, '사이다 1.25L', 3000, 0, '2018-01-13 11:35:10', 'N'),
	('admin', 10, '감자 튀김', 3000, 0, '2018-01-13 11:36:01', 'N'),
	('admin', 11, '소세지 튀김', 3000, 0, '2018-01-13 11:36:17', 'N'),
	('admin', 12, '샐러드', 3000, 0, '2018-01-13 11:36:34', 'N'),
	('admin', 13, '감자 튀김', 7000, 0, '2018-01-13 11:37:22', 'N'),
	('admin', 14, '닭똥집 튀김', 8500, 0, '2018-01-13 11:37:46', 'N'),
	('admin', 15, '500cc', 3000, 0, '2018-01-13 11:38:52', 'N'),
	('admin', 16, '1000cc', 5500, 0, '2018-01-13 11:39:07', 'N'),
	('admin', 17, '2000cc', 11000, 0, '2018-01-13 11:39:23', 'N'),
	('admin', 18, '3000cc', 16500, 0, '2018-01-13 11:39:43', 'N');
/*!40000 ALTER TABLE `inven` ENABLE KEYS */;

-- 테이블 trois.item_board 구조 내보내기
CREATE TABLE IF NOT EXISTS `item_board` (
  `item_No` int(100) NOT NULL AUTO_INCREMENT,
  `user_ID` varchar(20) NOT NULL,
  `company` varchar(30) NOT NULL,
  `item_Name` varchar(30) NOT NULL,
  `item_Price` int(100) NOT NULL,
  `item_Category` varchar(30) NOT NULL,
  `item_Date` timestamp NOT NULL DEFAULT CURRENT_TIMESTAMP,
  `del_yn` varchar(1) NOT NULL DEFAULT 'N',
  PRIMARY KEY (`item_No`)
) ENGINE=InnoDB AUTO_INCREMENT=19 DEFAULT CHARSET=utf8;

-- 테이블 데이터 trois.item_board:~18 rows (대략적) 내보내기
/*!40000 ALTER TABLE `item_board` DISABLE KEYS */;
INSERT INTO `item_board` (`item_No`, `user_ID`, `company`, `item_Name`, `item_Price`, `item_Category`, `item_Date`, `del_yn`) VALUES
	(1, 'admin', '구디 아카데미', '프라이드 치킨', 12500, '치킨', '2018-01-13 11:32:39', 'N'),
	(2, 'admin', '구디 아카데미', '양념 치킨', 14500, '치킨', '2018-01-13 11:32:54', 'N'),
	(3, 'admin', '구디 아카데미', '간장 치킨', 14500, '치킨', '2018-01-13 11:33:18', 'N'),
	(4, 'admin', '구디 아카데미', '파닭 치킨', 15000, '치킨', '2018-01-13 11:33:35', 'N'),
	(5, 'admin', '구디 아카데미', '불닭 치킨', 15000, '치킨', '2018-01-13 11:33:47', 'N'),
	(6, 'admin', '구디 아카데미', '콜라 500ml', 2000, '주류/음류', '2018-01-13 11:34:03', 'N'),
	(7, 'admin', '구디 아카데미', '콜라 1.25L', 3000, '주류/음류', '2018-01-13 11:34:28', 'N'),
	(8, 'admin', '구디 아카데미', '사이다 500ml', 2000, '주류/음류', '2018-01-13 11:34:55', 'N'),
	(9, 'admin', '구디 아카데미', '사이다 1.25L', 3000, '주류/음류', '2018-01-13 11:35:10', 'N'),
	(10, 'admin', '구디 아카데미', '감자 튀김', 3000, '사이드/토핑', '2018-01-13 11:36:01', 'N'),
	(11, 'admin', '구디 아카데미', '소세지 튀김', 3000, '사이드/토핑', '2018-01-13 11:36:17', 'N'),
	(12, 'admin', '구디 아카데미', '샐러드', 3000, '사이드/토핑', '2018-01-13 11:36:34', 'N'),
	(13, 'admin', '구디 아카데미', '감자 튀김', 7000, '사이드/토핑', '2018-01-13 11:37:22', 'N'),
	(14, 'admin', '구디 아카데미', '닭똥집 튀김', 8500, '사이드/토핑', '2018-01-13 11:37:46', 'N'),
	(15, 'admin', '구디 아카데미', '500cc', 3000, '주류/음류', '2018-01-13 11:38:52', 'N'),
	(16, 'admin', '구디 아카데미', '1000cc', 5500, '주류/음류', '2018-01-13 11:39:07', 'N'),
	(17, 'admin', '구디 아카데미', '2000cc', 11000, '주류/음류', '2018-01-13 11:39:23', 'N'),
	(18, 'admin', '구디 아카데미', '3000cc', 16500, '주류/음류', '2018-01-13 11:39:43', 'N');
/*!40000 ALTER TABLE `item_board` ENABLE KEYS */;

-- 테이블 trois.order_board 구조 내보내기
CREATE TABLE IF NOT EXISTS `order_board` (
  `order_No` int(100) NOT NULL,
  `user_ID` varchar(20) NOT NULL,
  `address` varchar(50) NOT NULL,
  `order_Way` varchar(10) NOT NULL,
  `del_yn` varchar(1) NOT NULL DEFAULT 'N',
  `sold` int(11) NOT NULL DEFAULT '0'
) ENGINE=InnoDB DEFAULT CHARSET=utf8;

-- 테이블 데이터 trois.order_board:~14 rows (대략적) 내보내기
/*!40000 ALTER TABLE `order_board` DISABLE KEYS */;
INSERT INTO `order_board` (`order_No`, `user_ID`, `address`, `order_Way`, `del_yn`, `sold`) VALUES
	(1, 'admin', '가산디지털 단지역 대륭테크노타운 7차', 'T-1', 'N', 0),
	(2, 'admin', '가산디지털 단지역 대륭테크노타운 7차', 'T-3', 'N', 0),
	(3, 'admin', '가산디지털 단지역 대륭테크노타운 7차', 'T-4', 'N', 0),
	(4, 'admin', '가산디지털 단지역 대륭테크노타운 7차', 'T-9', 'N', 0),
	(5, 'admin', '가산디지털 단지역 대륭테크노타운 7차', 'T-5', 'N', 0),
	(6, 'admin', '가산디지털 단지역 대륭테크노타운 7차', 'T-7', 'N', 0),
	(7, 'admin', '가산디지털 단지역 대륭테크노타운 7차', 'T-11', 'N', 0),
	(8, 'admin', '가산디지털 단지역 대륭테크노타운 7차', 'T-6', 'N', 0),
	(9, 'admin', '가산디지털 단지역 대륭테크노타운 7차', 'T-10', 'N', 0),
	(10, 'admin', '가산디지털 단지역 대륭테크노타운 7차', 'T-8', 'N', 0),
	(11, 'admin', '가산디지털 단지역 대륭테크노타운 7차', '포장-1', 'N', 0),
	(12, 'admin', '가산디지털 단지역 대륭테크노타운 7차', '에약-1', 'N', 0),
	(13, 'admin', '가산디지털 단지역 대륭테크노타운 7차', '예약-3', 'N', 0),
	(14, 'admin', '가산디지털 단지역 대륭테크노타운 7차', '포장-3', 'N', 0);
/*!40000 ALTER TABLE `order_board` ENABLE KEYS */;

-- 테이블 trois.order_list 구조 내보내기
CREATE TABLE IF NOT EXISTS `order_list` (
  `user_ID` varchar(20) NOT NULL,
  `order_No` int(100) NOT NULL,
  `item_No` int(100) NOT NULL,
  `item_Name` varchar(30) NOT NULL,
  `item_Amount` int(100) NOT NULL,
  `item_Price` int(100) NOT NULL,
  `order_Way` varchar(10) NOT NULL,
  `order_date` timestamp NOT NULL DEFAULT CURRENT_TIMESTAMP,
  `del_yn` varchar(1) NOT NULL DEFAULT 'N'
) ENGINE=InnoDB DEFAULT CHARSET=utf8;

-- 테이블 데이터 trois.order_list:~49 rows (대략적) 내보내기
/*!40000 ALTER TABLE `order_list` DISABLE KEYS */;
INSERT INTO `order_list` (`user_ID`, `order_No`, `item_No`, `item_Name`, `item_Amount`, `item_Price`, `order_Way`, `order_date`, `del_yn`) VALUES
	('admin', 1, 1, '프라이드 치킨', 1, 12500, 'T-1', '2018-01-22 14:17:13', 'N'),
	('admin', 1, 2, '양념 치킨', 1, 14500, 'T-1', '2018-01-22 14:17:13', 'N'),
	('admin', 1, 5, '불닭 치킨', 1, 15000, 'T-1', '2018-01-22 14:18:19', 'N'),
	('admin', 1, 4, '파닭 치킨', 1, 15000, 'T-1', '2018-01-22 14:18:19', 'N'),
	('admin', 1, 2, '양념 치킨', 1, 14500, 'T-1', '2018-01-22 14:20:55', 'N'),
	('admin', 1, 1, '프라이드 치킨', 1, 12500, 'T-1', '2018-01-22 14:20:55', 'N'),
	('admin', 1, 2, '양념 치킨', 1, 14500, 'T-1', '2018-01-22 14:24:19', 'N'),
	('admin', 1, 1, '프라이드 치킨', 1, 12500, 'T-1', '2018-01-22 14:24:19', 'N'),
	('admin', 1, 2, '양념 치킨', 2, 29000, 'T-1', '2018-01-22 14:34:32', 'N'),
	('admin', 1, 1, '프라이드 치킨', 1, 12500, 'T-1', '2018-01-22 14:34:32', 'N'),
	('admin', 1, 2, '양념 치킨', 1, 14500, 'T-1', '2018-01-22 14:43:30', 'N'),
	('admin', 1, 1, '프라이드 치킨', 1, 12500, 'T-1', '2018-01-22 14:43:30', 'N'),
	('admin', 2, 1, '프라이드 치킨', 1, 12500, 'T-3', '2018-01-22 14:47:02', 'N'),
	('admin', 2, 2, '양념 치킨', 1, 14500, 'T-3', '2018-01-22 14:47:02', 'N'),
	('admin', 3, 1, '프라이드 치킨', 1, 12500, 'T-4', '2018-01-22 14:55:27', 'N'),
	('admin', 3, 3, '간장 치킨', 1, 14500, 'T-4', '2018-01-22 14:55:27', 'N'),
	('admin', 3, 2, '양념 치킨', 1, 14500, 'T-4', '2018-01-22 14:55:27', 'N'),
	('admin', 4, 1, '프라이드 치킨', 1, 12500, 'T-9', '2018-01-22 15:46:52', 'N'),
	('admin', 4, 7, '콜라 1.25L', 1, 3000, 'T-9', '2018-01-22 15:46:52', 'N'),
	('admin', 4, 6, '콜라 500ml', 1, 2000, 'T-9', '2018-01-22 15:46:52', 'N'),
	('admin', 5, 1, '프라이드 치킨', 1, 12500, 'T-5', '2018-01-22 15:53:04', 'N'),
	('admin', 5, 2, '양념 치킨', 1, 14500, 'T-5', '2018-01-22 15:53:04', 'N'),
	('admin', 5, 6, '콜라 500ml', 2, 4000, 'T-5', '2018-01-22 15:53:04', 'N'),
	('admin', 6, 4, '파닭 치킨', 1, 15000, 'T-7', '2018-01-22 15:54:41', 'N'),
	('admin', 6, 2, '양념 치킨', 1, 14500, 'T-7', '2018-01-22 15:54:41', 'N'),
	('admin', 6, 6, '콜라 500ml', 2, 4000, 'T-7', '2018-01-22 15:54:41', 'N'),
	('admin', 7, 1, '프라이드 치킨', 1, 12500, 'T-11', '2018-01-22 15:56:21', 'N'),
	('admin', 7, 4, '파닭 치킨', 1, 15000, 'T-11', '2018-01-22 15:56:21', 'N'),
	('admin', 8, 3, '간장 치킨', 1, 14500, 'T-6', '2018-01-22 15:58:34', 'N'),
	('admin', 8, 1, '프라이드 치킨', 1, 12500, 'T-6', '2018-01-22 15:58:34', 'N'),
	('admin', 8, 2, '양념 치킨', 1, 14500, 'T-6', '2018-01-22 15:58:34', 'N'),
	('admin', 9, 10, '감자 튀김', 2, 6000, 'T-10', '2018-01-22 16:05:32', 'N'),
	('admin', 9, 2, '양념 치킨', 1, 14500, 'T-10', '2018-01-22 16:05:32', 'N'),
	('admin', 9, 1, '프라이드 치킨', 1, 12500, 'T-10', '2018-01-22 16:05:32', 'N'),
	('admin', 10, 11, '소세지 튀김', 1, 3000, 'T-8', '2018-01-22 16:06:26', 'N'),
	('admin', 10, 1, '프라이드 치킨', 1, 12500, 'T-8', '2018-01-22 16:06:26', 'N'),
	('admin', 11, 2, '양념 치킨', 1, 14500, '포장-1', '2018-01-22 16:31:46', 'N'),
	('admin', 11, 1, '프라이드 치킨', 1, 12500, '포장-1', '2018-01-22 16:31:46', 'N'),
	('admin', 11, 4, '파닭 치킨', 1, 15000, '포장-1', '2018-01-22 16:31:46', 'N'),
	('admin', 12, 1, '프라이드 치킨', 1, 12500, '에약-1', '2018-01-22 16:39:27', 'N'),
	('admin', 12, 4, '파닭 치킨', 1, 15000, '에약-1', '2018-01-22 16:39:27', 'N'),
	('admin', 12, 2, '양념 치킨', 1, 14500, '에약-1', '2018-01-22 16:39:27', 'N'),
	('admin', 13, 2, '양념 치킨', 1, 14500, '예약-3', '2018-01-22 16:42:09', 'N'),
	('admin', 13, 5, '불닭 치킨', 1, 15000, '예약-3', '2018-01-22 16:42:09', 'N'),
	('admin', 13, 4, '파닭 치킨', 1, 15000, '예약-3', '2018-01-22 16:42:09', 'N'),
	('admin', 14, 4, '파닭 치킨', 1, 15000, '포장-3', '2018-01-22 16:56:48', 'N'),
	('admin', 14, 1, '프라이드 치킨', 1, 12500, '포장-3', '2018-01-22 16:56:48', 'N'),
	('admin', 14, 2, '양념 치킨', 1, 14500, '포장-3', '2018-01-22 16:56:48', 'N'),
	('admin', 7, 1, '프라이드 치킨', 1, 12500, 'T-11', '2018-01-22 18:42:08', 'N');
/*!40000 ALTER TABLE `order_list` ENABLE KEYS */;

-- 테이블 trois.qna 구조 내보내기
CREATE TABLE IF NOT EXISTS `qna` (
  `no` int(11) NOT NULL AUTO_INCREMENT COMMENT '자동증가',
  `title` varchar(10) NOT NULL COMMENT '제목',
  `contents` varchar(50) NOT NULL COMMENT '내용',
  `id` varchar(10) NOT NULL COMMENT '사용자',
  `date` datetime NOT NULL COMMENT '넣은 날짜',
  `answer` varchar(50) DEFAULT NULL COMMENT '답변 내용',
  `answercheck` varchar(8) DEFAULT NULL,
  `del_yn` varchar(1) NOT NULL DEFAULT 'y' COMMENT '탈퇴 n / 삭제 d',
  PRIMARY KEY (`no`)
) ENGINE=InnoDB AUTO_INCREMENT=130 DEFAULT CHARSET=utf8 COMMENT='문의';

-- 테이블 데이터 trois.qna:~120 rows (대략적) 내보내기
/*!40000 ALTER TABLE `qna` DISABLE KEYS */;
INSERT INTO `qna` (`no`, `title`, `contents`, `id`, `date`, `answer`, `answercheck`, `del_yn`) VALUES
	(1, '도구좀...', '많이 추가 해주세요', 'test', '2017-09-16 11:02:30', '너무해..ㅜㅜ', '답변완료', 'y'),
	(2, '관리자님', '안녕하세요... 처음뵙겠습니다.', 'test', '2017-09-17 16:15:42', '네 안녕하세요. 반갑습니다.', '답변완료', 'd'),
	(3, '관리자님!!', '삭제한 것은 어떻게 되는 건가요?\n', 'test', '2017-09-18 16:15:59', '다시 도구가 있는 곳으로 끌어다가 놓으시면 됩니다.', '답변완료', 'y'),
	(4, '도구', '도구 모양을 바꿔주세요...', 'test', '2017-09-19 16:16:14', '참고하겠습니다.', '답변완료', 'y'),
	(5, '이미지 저장', '어디로 가나요??', 'trois', '2017-09-20 16:17:16', '다운로드 폴더로 저장이 됩니다.', '답변완료', 'y'),
	(6, '이메일은', '까먹으면 어케하죠???', 'test', '2017-09-21 16:17:44', '이메일을 까먹었으면 로그인을 할 수 없으니 다시 회원가입을 해주시면 되겠습니다.', '답변완료', 'y'),
	(7, '비밀번호가', '뭔지 모르겟어요 ㅠㅠ', 'test', '2017-09-22 16:18:07', '비밀번호 재설정에서 새로 하시면 됩니다.', '답변완료', 'y'),
	(8, '게시판', '정리좀 부탁드립니다~', 'test', '2017-09-23 16:18:17', '어떤 정리를 원하시는 건가요?', '답변완료', 'y'),
	(9, '아이디가', '맘에안들어요 바꿔주세여 !!', 'test', '2017-09-24 16:18:24', '아이디는 바꿀 수가 없습니다.', '답변완료', 'y'),
	(10, '회원가입이', '간단한거같아요 보안의 문제가 있지않을까여?!!!!!', 'test', '2017-09-25 16:18:27', '보안은 걱정 안하셔도 됩니다.', '답변완료', 'y'),
	(11, '유저정보', '유저정보들을 보고싶어여', 'test', '2017-09-26 16:18:30', '사용자는 다른 유저 정보를 볼 수 가 없습니다.', '답변완료', 'd'),
	(12, '마이룸', '다른 유저들의 것도 봣으면 좋겟네요~', 'test', '2017-09-27 16:18:36', '참고하겠습니다.', '답변완료', 'd'),
	(13, '이미지들', '막상 캡쳐하고보니까 심심하네요', 'test', '2017-09-28 00:00:00', '그런가요? 사용자님이 하신 것이 그대로 캡쳐가 되는 것입니다.', '답변완료', 'y'),
	(14, '저장', '해놨던걸 잘못지웠어요 ~', 'test', '2017-09-29 16:18:46', '어떤 것이 지워진 것인가요? 다시 문의 주시면 해결해 드리겠습니다.', '답변완료', 'y'),
	(15, '작업 시작시', '배경이 신경쓰여요 바꿔주세여 ㅡㅡ', 'test', '2017-09-30 16:18:53', '업데이트가 예정되 있으니 참고하겠습니다.', '답변완료', 'y'),
	(16, '도구들을 옮기고', '잘못놨을때 바로 뺄수있었으면 좋겟네여~', 'test', '2017-10-01 16:18:57', '업데이트가 예정되 있으니 참고하겠습니다.', '답변완료', 'y'),
	(17, '이메일 찾기', '이메일을 까먹었어요 찾아주세여', 'test', '2017-10-02 16:19:00', '이메일을 까먹었으면 로그인을 할 수 없으니 다시 회원가입을 해주시면 되겠습니다.', '답변완료', 'y'),
	(18, '답변좀 빨리', '해주세요~~!!', 'test', '2017-10-03 16:19:03', '알겠습니다.', '답변완료', 'y'),
	(19, '도움말을', '더 추가해주시거나 이해가 잘안되네요', 'test', '2017-10-04 00:00:00', '참고하겠습니다.', '답변완료', 'y'),
	(20, '시작 페이지가', '심심해요 바꿔주세요!!!', 'test', '2017-10-05 16:19:08', '업데이트가 예정되 있으니 참고하겠습니다.', '답변완료', 'y'),
	(21, '전화번호가', '대표이사님들의 전화번호도 알려주세요....', 'test', '2017-10-06 16:19:11', '개인정보를 알려드릴 수는 없습니다.', '답변완료', 'y'),
	(22, '제목 넣기가', '귀찮은데 없어도 저장되게 해주세요;;', 'test', '2017-10-07 16:19:15', '참고하겠습니다.', '답변완료', 'y'),
	(23, '가구들이', '좀더 다양하고 추가됫으면 좋겟어요 ㅎㅎ', 'test', '2017-10-08 16:19:18', '추가시키겠습니다.', '답변완료', 'y'),
	(24, '창문도', '추가좀 해주세요 제발..', 'test', '2017-10-09 16:19:23', '창문도 추가 하겠습니다.', '답변완료', 'y'),
	(25, '회원가입이', '간단한거같아요 보안의 문제가 있지않을까여?!!!!!', 'trois', '2017-10-10 16:19:26', '걱정안하셔도됩니다.', '답변완료', 'y'),
	(26, 'tv나 피아노', '좀더 추가해주시고 가전제품도 넣어주시면 좋을거같아요!!', 'test', '2017-10-11 16:19:29', '추가시키겠습니다.', '답변완료', 'y'),
	(27, '답변 빨리좀', '해주세요 ,,ㅡㅡ', 'test', '2017-10-12 16:19:33', '지금했습니다.', '답변완료', 'y'),
	(28, '이메일 찾기', '이메일을 까먹었어요 찾아주세여', 'test', '2017-10-13 16:19:36', '이메일을 까먹었을경우엔 다시 찾을수없습니다. 회원가입을 다시해주세요.', '답변완료', 'y'),
	(29, '이미지 저장', '이미지 저장하는 것 좀 수정해주세요.', 'test', '2017-10-14 16:19:39', '네 알겠습니다.', '답변완료', 'y'),
	(30, '작업 시작시', '배경이 신경쓰여요 바꿔주세여 ㅡㅡ', 'test', '2017-10-15 16:19:43', '바꿔보도록하겠습니다.', '답변완료', 'y'),
	(31, 'tv나 피아노', '좀더 추가해주시고 가전제품도 넣어주시면 좋을거같아요!!', 'test', '2017-10-16 16:19:47', '추가시키겠습니다.', '답변완료', 'y'),
	(32, '답변좀 빨리', '답변좀 빨리', 'test', '2017-10-17 16:19:51', '지금하였습니다.', '답변완료', 'y'),
	(33, '게시판', '게시판이 좀 심심해요.ㅎㅎ', 'test', '2017-10-18 16:19:54', '게시판을 작성해주세요.', '답변완료', 'y'),
	(34, '디자인', '전체적인 디자인이 문제가 있는 것 아닌가요?', 'test', '2017-10-19 16:20:00', '아닙니다.', '답변완료', 'y'),
	(35, '전화번호가', '대표이사님들의 전화번호도 알려주세요....', 'trois', '2017-10-20 16:24:07', '개인정보입니다.', '답변완료', 'y'),
	(36, '가구들이', '좀더 다양하고 추가됫으면 좋겟어요 ㅎㅎ', 'test', '2017-10-21 16:24:11', '가구들을 추가하도록 하겠습니다.', '답변완료', 'y'),
	(37, '도구문의', '도구를 작업하는데에서 삭제는 어떻게 하나요?', 'test', '2017-10-22 16:24:14', '삭제버튼을 누르시면 됩니다.', '답변완료', 'y'),
	(38, '답변좀 빨리', '해주세요~~!!', 'test', '2017-10-23 16:24:17', '지금하고있습니다.', '답변완료', 'y'),
	(39, '아이디찾기', '이메일을 까먹었는데 어찌하나요?', 'test', '2017-10-24 16:24:20', '회원가입을 다시 해주셔야 합니다.', '답변완료', 'y'),
	(40, '이메일 찾기', '이메일을 까먹었어요 찾아주세여', 'test', '2017-10-25 16:24:23', '이메일을 까먹었으면 로그인을 할 수 없으니 다시 회원가입을 해주시면 되겠습니다.', '답변완료', 'y'),
	(41, '관리자님', '수고가 많으십니다.', 'test', '2017-10-26 16:24:27', '감사합니다. 행복한 하루가 되세요.', '답변완료', 'y'),
	(42, '도구들을 옮기고', '잘못놨을때 바로 뺄수있었으면 좋겟네여~', 'test', '2017-10-27 16:24:30', '도구 자리에 다시 갖다두시면 뺄 수 있습니다.', '답변완료', 'y'),
	(43, '도구회전', '도구회전', 'test', '2017-10-28 16:24:35', '참고 하도록 하겠습니다.', '답변완료', 'y'),
	(44, '회원가입이', '간단한거같아요 보안의 문제가 있지않을까여?!!!!!', 'test', '2017-10-29 16:24:39', '걱정안하셔도됩니다.', '답변완료', 'y'),
	(45, '도구들을 옮기고', '잘못놨을때 바로 뺄수있었으면 좋겟네여~', 'test', '2017-10-30 16:24:43', '도구 자리에 다시 갖다두시면 뺄 수 있습니다.', '답변완료', 'y'),
	(46, '도구 다양', '도구 좀 제발 다양 했으면 ㅎㅎ', 'test', '2017-10-31 16:24:51', '더 추가 시키도록 하겠습니다.', '답변완료', 'y'),
	(47, '제목 잘림 현상', '제목 잘림 현상 수고 좀 ㅎㅎ', 'test', '2017-11-01 16:24:54', '알겠습니다.', '답변완료', 'y'),
	(48, '도구회전', '도구회전', 'test', '2017-11-02 16:24:57', '도구회전은 업데이트에 할 때 참고하겠습니다.', '답변완료', 'y'),
	(49, '벽이나 문', '벽이나 문에 색깔이 다양했으면 좋겠어요~~', 'test', '2017-11-03 16:25:01', '색깔 다양 참고하겠습니다.', '답변완료', 'y'),
	(50, '이미지들', '막상 캡쳐하고보니까 심심하네요', 'test', '2017-11-04 16:25:05', '그런가요? 사용자님이 하신 것이 그대로 캡쳐가 되는 것입니다.', '답변완료', 'y'),
	(51, '도구좀...', '많이 추가 해주세요', 'test', '2017-11-05 16:25:09', '추가시키도록 하겠습니다.', '답변완료', 'y'),
	(52, '벽이나 문', '벽이나 문에 색깔이 다양했으면 좋겠어요~~', 'test', '2017-11-06 16:25:12', '알겠습니다.', '답변완료', 'y'),
	(53, '이메일 찾기', '이메일을 까먹었어요 찾아주세여', 'test', '2017-11-07 16:25:15', '회원가입을 다시 해주시기 바랍니다.', '답변완료', 'd'),
	(54, '관리자님', '안녕하세요... 처음뵙겠습니다.', 'test', '2017-11-08 16:25:20', '반갑습니다.', '답변완료', 'd'),
	(55, '시작 페이지가', '심심해요 바꿔주세요!!!', 'test', '2017-11-08 16:41:27', '업데이트가 예정되 있으니 참고하겠습니다.', '답변완료', 'y'),
	(56, '삭제문의', '작업화면에서 삭제는 어떻게 하는 건가요?', 'trois', '0000-00-00 00:00:00', '도구 있던 자리로 빼시면 됩니다.', '답변완료', 'd'),
	(57, '도구좀...', '많이 추가 해주세요', 'test', '2017-11-09 10:12:23', '네 다음 업데이트시 많은 도구를 추가하도록 하겠습니다.', '답변완료', 'd'),
	(58, '관리자님 ', '안녕하세요..', 'test', '2017-11-09 10:18:10', NULL, NULL, 'd'),
	(59, 'gd', 'gd', 'tt', '2017-11-09 10:56:50', NULL, NULL, 'd'),
	(60, '시연', '테스트입니다....', 'test', '2017-11-09 12:07:39', '네!', '답변완료', 'd'),
	(63, '왜 시험?', '거 장난이 너무 심한거 아니오?', 'test', '2017-11-21 11:34:58', NULL, NULL, 'd'),
	(64, '오류', '찾아보기', 'gjeocjf', '2017-11-21 15:47:09', '넌 바보냐', '답변완료', 'y'),
	(65, 'ㅁㅁㅁㅁㅁㅁㅁㅁㅁ', 'ㅁㅁㅁㅁㅁㅁㅁㅁㅁㅁㅁㅁㅁㅁㅁㅁㅁㅁㅁㅁㅁㅁㅁㅁㅁㅁㅁㅁㅁㅁㅁㅁㅁㅁㅁㅁㅁㅁㅁㅁㅁㅁㅁㅁ', 'gjeocjf', '2017-11-21 15:53:12', '', '답변완료', 'y'),
	(66, 'ㅁㄴㅇㅁㄴㅇ', 'ㅁㄴㅇㄴㅁㅇㄴㅁㅇㄴㅁ', 'asd4656', '2017-11-21 16:12:12', '집에가세요', '답변완료', 'y'),
	(67, '왜 시험?', '거 장난이 너무 심한거 아니오?', 'test', '2017-11-21 16:16:30', '', '답변완료', 'd'),
	(68, '이에에에', '이베베베베', 'as4656', '2017-11-21 16:20:52', NULL, NULL, 'd'),
	(69, '왜 시험?', '거 장난이 너무 심한거 아니오?', 'test', '2017-11-21 16:37:50', '', '답변완료', 'y'),
	(70, '넹', '구멍이 2개 지요!', 'as4656', '2017-11-21 16:42:46', '', '답변완료', 'd'),
	(71, '왜 시험?', '거 장난이 너무 심한거 아니오?', 'test', '2017-11-21 16:43:21', '너무해..ㅠasd', '답변완료', 'y'),
	(72, '왜 시험?', '거 장난이 너무 심한거 아니오?', 'test', '2017-11-21 16:44:56', 'dsafdscscsdcdscdsac', '답변완료', 'y'),
	(73, '왜 시험?', 'a ', 'test', '2017-11-21 16:49:02', 'asdasdasd\nsadasdasdsa', '답변완료', 'y'),
	(74, '※', 'a ', 'test', '2017-11-21 16:49:28', 'weffdsdsfdfssdf', '답변완료', 'y'),
	(77, 'ㅁㄴㅇ', 'ㅇㅇㅇㅇㅇ', 'test', '2017-11-21 17:19:10', NULL, NULL, 'y'),
	(78, 'ㅁㄴㅇ', 'ㅇㅇㅇㅇㅇ', 'test', '2017-11-21 17:55:03', NULL, NULL, 'y'),
	(79, '???', '?????????????????????????????????????\n????', 'test', '2017-11-22 10:08:32', 'ddd', '답변완료', 'y'),
	(80, 'ㅁㄴㅇ', 'ㅁㅇㄴㅇㅁㄴ', 'test', '2017-11-22 10:11:21', NULL, NULL, 'd'),
	(81, 'ㄴㅇㄹ', 'ㄴㅁㅇㄹㄴㅇㄹ', 'ㅅㅅ', '2017-11-22 11:54:42', NULL, NULL, 'y'),
	(82, 'ㄴㅇ', 'ㄴㅁㄴㅇ', 'ㅅㅅ', '2017-11-22 11:59:42', NULL, NULL, 'y'),
	(83, 'ㄴㅇㄹ', 'ㄴㅇㄹㄴㅇ', 'ㅅㅅ', '2017-11-22 12:02:40', NULL, NULL, 'y'),
	(84, 'ㅇㅁㄴ', 'ㅇㅁㄴㅇㅁㄴ', 'ㅅㅅ', '2017-11-22 12:09:18', NULL, NULL, 'y'),
	(85, 'ㅂㅈㄷ', 'ㅂㅈㄷㅂㅈㄷㅈㅂ', 'ㅅㅅ', '2017-11-22 12:11:32', NULL, NULL, 'y'),
	(86, 'a', 'aa', 'test', '2017-11-22 13:34:01', NULL, NULL, 'y'),
	(87, '왜 시험?', '거 장난이 너무 심한거 아니오?', 'test', '2017-11-22 13:38:20', NULL, NULL, 'y'),
	(88, '왜 시험?', '거 장난이 너무 심한거 아니오?', 'test', '2017-11-22 13:39:19', NULL, NULL, 'y'),
	(89, '왜 시험?', '거 장난이 너무 심한거 아니오?', 'test', '2017-11-22 13:40:03', NULL, NULL, 'y'),
	(90, '왜 시험?', '거 장난이 너무 심한거 아니오?', 'test', '2017-11-22 13:40:37', NULL, NULL, 'y'),
	(91, 'wqdwqd', 'sdsadsad\nasdsad\nsadas', 'm', '2017-11-22 13:41:47', NULL, NULL, 'y'),
	(92, '왜 시험?', '거 장난이 너무 심한거 아니오?', 'test', '2017-11-22 13:42:34', NULL, NULL, 'y'),
	(93, '왜 시험?', '거 장난이 너무 심한거 아니오?', 'test', '2017-11-22 13:44:39', NULL, NULL, 'y'),
	(94, '왜 시험?', '거 장난이 너무 심한거 아니오?', 'test', '2017-11-22 13:45:23', NULL, NULL, 'y'),
	(95, '왜 시험?', '거 장난이 너무 심한거 아니오?', 'test', '2017-11-22 13:45:40', NULL, NULL, 'y'),
	(96, '왜 시험?', '거 장난이 너무 심한거 아니오?', 'test', '2017-11-22 13:45:58', NULL, NULL, 'y'),
	(97, '왜 시험?', '거 장난이 너무 심한거 아니오?', 'test', '2017-11-22 13:46:24', NULL, NULL, 'y'),
	(98, '왜 시험?', '거 장난이 너무 심한거 아니오?', 'test', '2017-11-22 13:48:13', NULL, NULL, 'y'),
	(99, '왜 시험?', '거 장난이 너무 심한거 아니오?', 'test', '2017-11-22 13:48:25', NULL, NULL, 'y'),
	(100, '왜 시험?', '거 장난이 너무 심한거 아니오?', 'test', '2017-11-22 13:49:16', NULL, NULL, 'y'),
	(101, '왜 시험?', '거 장난이 너무 심한거 아니오?', 'test', '2017-11-22 13:52:41', NULL, NULL, 'y'),
	(102, '왜 시험?', '거 장난이 너무 심한거 아니오?', 'test', '2017-11-22 13:53:29', NULL, NULL, 'y'),
	(103, '왜 시험?', '거 장난이 너무 심한거 아니오?', 'test', '2017-11-22 13:54:54', NULL, NULL, 'y'),
	(104, '왜 시험?', '거 장난이 너무 심한거 아니오?', 'test', '2017-11-22 14:01:50', NULL, NULL, 'y'),
	(105, '왜 시험?', '거 장난이 너무 심한거 아니오?', 'test', '2017-11-22 14:21:35', NULL, NULL, 'y'),
	(106, '왜 시험?', '거 장난이 너무 심한거 아니오?', 'test', '2017-11-22 14:27:05', NULL, NULL, 'y'),
	(112, '왜 시험?', '거 장난이 너무 심한거 아니오?', 'test', '2017-11-22 16:00:09', NULL, NULL, 'y'),
	(113, 'ㅎㅇ', 'test', 'qwe', '2017-11-23 09:43:56', NULL, NULL, 'y'),
	(114, 'ㅁㄴㅇㅁㄴㅇㅁㄴ', 'ㅁㄴㅇㅁㄴㅇㅁㄴㅇㅁㄴㅇㅁㄴㅇㅇㅇㅇㅇㅇㅇㅇㅇㅇㅇㅇㅇㅇㅇㅇㅇㅇㅇㅇㅇㅇㅇㅇㅇㅇㅇㅇㅇㅇㅇㅇㅇㅇㅇ', 'qwe', '2017-11-23 10:00:14', NULL, NULL, 'y'),
	(115, '마이룸 수정버튼..', '마이룸 수정버튼을 눌러서 수정을 하려 해도\n타일이 수정되지 않고 추가만 됩니다.', 'sanic', '2017-11-23 10:55:19', NULL, NULL, 'y'),
	(116, '왜 시험?', '거 장난이 너무 심한거 아니오?', 'test', '2017-11-23 11:18:19', NULL, NULL, 'y'),
	(117, '왜 시험?', '거 장난이 너무 심한거 아니오?', 'test', '2017-11-27 14:35:24', NULL, NULL, 'y'),
	(118, '왜 시험?', '거 장난이 너무 심한거 아니오?', 'test', '2017-11-27 14:35:35', NULL, NULL, 'y'),
	(119, '왜 시험?', '거 장난이 너무 심한거 아니오?', 'test', '2017-11-27 14:35:38', NULL, NULL, 'y'),
	(120, '왜 시험?', '거 장난이 너무 심한거 아니오?', 'test', '2017-11-27 14:37:49', NULL, NULL, 'y'),
	(121, '왜 시험?', '거 장난이 너무 심한거 아니오?', 'test', '2017-11-27 14:38:25', NULL, NULL, 'y'),
	(122, '왜 시험?', '거 장난이 너무 심한거 아니오?', 'test', '2017-11-27 14:38:48', NULL, NULL, 'y'),
	(123, '왜 시험?', '거 장난이 너무 심한거 아니오?', 'test', '2017-11-27 14:43:09', NULL, NULL, 'y'),
	(124, '왜 시험?', '거 장난이 너무 심한거 아니오?', 'test', '2017-11-27 15:36:17', NULL, NULL, 'y'),
	(125, 'oooooo', 'ooooooooooooooooooooooooooooooooooooo', 'h2', '2017-11-29 10:58:36', NULL, NULL, 'y'),
	(126, 'asd', 'asd', 'h2', '2017-11-29 11:08:19', NULL, NULL, 'y'),
	(127, '왜 시험?', '거 장난이 너무 심한거 아니오?', 'test', '2017-11-30 15:56:15', NULL, NULL, 'y'),
	(128, '왜 시험?', '거 장난이 너무 심한거 아니오?', 'test', '2017-11-30 16:06:29', NULL, NULL, 'y'),
	(129, '미미', '미미', 'test', '2018-01-23 15:17:44', '?', '답변완료', 'd');
/*!40000 ALTER TABLE `qna` ENABLE KEYS */;

-- 테이블 trois.reserv_list 구조 내보내기
CREATE TABLE IF NOT EXISTS `reserv_list` (
  `user_ID` varchar(20) NOT NULL,
  `item_No` int(100) NOT NULL,
  `item_Name` varchar(30) NOT NULL,
  `item_Price` int(100) NOT NULL,
  `reserv_Amount` int(100) NOT NULL,
  `reserv_Total` int(100) NOT NULL,
  `reserv_Date` timestamp NOT NULL DEFAULT CURRENT_TIMESTAMP
) ENGINE=InnoDB DEFAULT CHARSET=utf8;

-- 테이블 데이터 trois.reserv_list:~0 rows (대략적) 내보내기
/*!40000 ALTER TABLE `reserv_list` DISABLE KEYS */;
/*!40000 ALTER TABLE `reserv_list` ENABLE KEYS */;

-- 테이블 trois.security_user 구조 내보내기
CREATE TABLE IF NOT EXISTS `security_user` (
  `user_ID` varchar(20) NOT NULL,
  `user_PW` varchar(20) NOT NULL,
  `user_Name` varchar(20) NOT NULL,
  `enabled` varchar(1) NOT NULL DEFAULT '1',
  `company` varchar(30) NOT NULL,
  `address` varchar(50) NOT NULL,
  `fund` int(100) NOT NULL DEFAULT '0',
  `authority` varchar(20) NOT NULL,
  `del_yn` varchar(1) NOT NULL DEFAULT 'N',
  `reg_date` timestamp NOT NULL DEFAULT CURRENT_TIMESTAMP,
  PRIMARY KEY (`user_ID`)
) ENGINE=InnoDB DEFAULT CHARSET=utf8;

-- 테이블 데이터 trois.security_user:~2 rows (대략적) 내보내기
/*!40000 ALTER TABLE `security_user` DISABLE KEYS */;
INSERT INTO `security_user` (`user_ID`, `user_PW`, `user_Name`, `enabled`, `company`, `address`, `fund`, `authority`, `del_yn`, `reg_date`) VALUES
	('admin', 'admin', '어드민', '1', '구디 아카데미', '가산디지털 단지역 대륭테크노타운 7차', 0, 'ROLE_ADMIN', 'N', '2018-01-13 11:31:01'),
	('gdj7', '1234', '구디', '1', '구디 아카데미', '구로디지털단지역', 0, 'ROLE_USER', 'N', '2018-01-13 17:53:17');
/*!40000 ALTER TABLE `security_user` ENABLE KEYS */;

-- 테이블 trois.sell_board 구조 내보내기
CREATE TABLE IF NOT EXISTS `sell_board` (
  `sell_No` int(100) NOT NULL,
  `user_ID` varchar(20) NOT NULL,
  `address` varchar(30) NOT NULL,
  `order_No` int(100) NOT NULL,
  `order_way` varchar(10) NOT NULL,
  `del_yn` varchar(1) DEFAULT 'N'
) ENGINE=InnoDB DEFAULT CHARSET=utf8;

-- 테이블 데이터 trois.sell_board:~4 rows (대략적) 내보내기
/*!40000 ALTER TABLE `sell_board` DISABLE KEYS */;
INSERT INTO `sell_board` (`sell_No`, `user_ID`, `address`, `order_No`, `order_way`, `del_yn`) VALUES
	(1, 'admin', '가산디지털 단지역 대륭테크노타운 7차', 1, '에약-1', 'N'),
	(2, 'admin', '가산디지털 단지역 대륭테크노타운 7차', 4, 'T-9', 'N'),
	(3, 'admin', '가산디지털 단지역 대륭테크노타운 7차', 14, '포장-3', 'N'),
	(4, 'admin', '가산디지털 단지역 대륭테크노타운 7차', 7, 'T-11', 'N');
/*!40000 ALTER TABLE `sell_board` ENABLE KEYS */;

-- 테이블 trois.sell_list 구조 내보내기
CREATE TABLE IF NOT EXISTS `sell_list` (
  `user_ID` varchar(20) NOT NULL,
  `sell_No` int(100) NOT NULL,
  `sell_Total` int(100) NOT NULL,
  `sell_Sub` int(100) NOT NULL,
  `sell_Result` int(100) NOT NULL,
  `sell_Way` varchar(10) NOT NULL,
  `sell_Card` varchar(10) DEFAULT NULL,
  `sell_CardNum` varchar(20) DEFAULT NULL,
  `del_yn` varchar(1) NOT NULL DEFAULT 'N'
) ENGINE=InnoDB DEFAULT CHARSET=utf8;

-- 테이블 데이터 trois.sell_list:~0 rows (대략적) 내보내기
/*!40000 ALTER TABLE `sell_list` DISABLE KEYS */;
/*!40000 ALTER TABLE `sell_list` ENABLE KEYS */;

-- 테이블 trois.TestBoard 구조 내보내기
CREATE TABLE IF NOT EXISTS `TestBoard` (
  `no` int(11) NOT NULL AUTO_INCREMENT,
  `title` varchar(10) NOT NULL,
  `del_yn` varchar(1) NOT NULL DEFAULT 'N',
  `reg_id` varchar(10) NOT NULL,
  `reg_date` timestamp NOT NULL DEFAULT CURRENT_TIMESTAMP,
  PRIMARY KEY (`no`)
) ENGINE=InnoDB AUTO_INCREMENT=265 DEFAULT CHARSET=utf8;

-- 테이블 데이터 trois.TestBoard:~264 rows (대략적) 내보내기
/*!40000 ALTER TABLE `TestBoard` DISABLE KEYS */;
INSERT INTO `TestBoard` (`no`, `title`, `del_yn`, `reg_id`, `reg_date`) VALUES
	(1, 'test1', 'N', 'bjyjy0702', '2017-11-14 17:54:59'),
	(2, 'test1', 'N', 'kwakjh1108', '2017-11-14 17:54:59'),
	(3, 'test1', 'N', 'soooonww', '2017-11-14 17:54:59'),
	(4, 'test1', 'N', 'hoehoe1352', '2017-11-14 17:54:59'),
	(5, 'test1', 'N', 'so960506', '2017-11-14 17:54:59'),
	(6, 'test1', 'N', 'power90kim', '2017-11-14 17:54:59'),
	(7, 'test1', 'N', 'jessic32', '2017-11-14 17:54:59'),
	(8, 'test1', 'N', 'posdf-011', '2017-11-14 17:54:59'),
	(9, 'test1', 'N', 'kiyoon1008', '2017-11-14 17:55:00'),
	(10, 'test1', 'N', 'thdus96321', '2017-11-14 17:55:00'),
	(11, 'test1', 'N', 'joo79100', '2017-11-14 17:55:00'),
	(12, 'test1', 'N', 'happily013', '2017-11-14 17:55:00'),
	(13, 'test1', 'N', 'anjjo902', '2017-11-14 17:55:00'),
	(14, 'test1', 'N', 'jsyou1945', '2017-11-14 17:55:00'),
	(15, 'test1', 'N', 'ghgh9700', '2017-11-14 17:55:00'),
	(16, 'test1', 'N', 'dohyun0304', '2017-11-14 17:55:00'),
	(17, 'test1', 'N', 'baboya787', '2017-11-14 17:55:00'),
	(18, 'test1', 'N', 'dlcnd9401', '2017-11-14 17:55:00'),
	(19, 'test1', 'N', 'cod_d', '2017-11-14 17:55:00'),
	(20, 'test1', 'N', 'yonghun053', '2017-11-14 17:55:00'),
	(21, 'test1', 'N', 'sumadream1', '2017-11-14 17:55:00'),
	(22, 'test1', 'N', 'chlgurakst', '2017-11-14 17:55:00'),
	(23, 'test2', 'N', 'hoehoe1352', '2017-11-14 17:55:00'),
	(24, 'test2', 'N', 'so960506', '2017-11-14 17:55:00'),
	(25, 'test2', 'N', 'power90kim', '2017-11-14 17:55:00'),
	(26, 'test2', 'N', 'jessic32', '2017-11-14 17:55:00'),
	(27, 'test2', 'N', 'posdf-011', '2017-11-14 17:55:00'),
	(28, 'test2', 'N', 'kiyoon1008', '2017-11-14 17:55:00'),
	(29, 'test2', 'N', 'thdus96321', '2017-11-14 17:55:00'),
	(30, 'test2', 'N', 'joo79100', '2017-11-14 17:55:00'),
	(31, 'test2', 'N', 'happily013', '2017-11-14 17:55:00'),
	(32, 'test2', 'N', 'anjjo902', '2017-11-14 17:55:00'),
	(33, 'test2', 'N', 'jsyou1945', '2017-11-14 17:55:00'),
	(34, 'test2', 'N', 'ghgh9700', '2017-11-14 17:55:00'),
	(35, 'test2', 'N', 'dohyun0304', '2017-11-14 17:55:00'),
	(36, 'test2', 'N', 'baboya787', '2017-11-14 17:55:00'),
	(37, 'test2', 'N', 'dlcnd9401', '2017-11-14 17:55:00'),
	(38, 'test2', 'N', 'cod_d', '2017-11-14 17:55:00'),
	(39, 'test2', 'N', 'yonghun053', '2017-11-14 17:55:00'),
	(40, 'test2', 'N', 'sumadream1', '2017-11-14 17:55:00'),
	(41, 'test2', 'N', 'chlgurakst', '2017-11-14 17:55:00'),
	(42, 'test2', 'N', 'ojun321', '2017-11-14 17:55:00'),
	(43, 'test2', 'N', 'hanyena113', '2017-11-14 17:55:00'),
	(44, 'test2', 'N', 'gjeocjf', '2017-11-14 17:55:00'),
	(45, 'test2', 'N', 'asdfg4656', '2017-11-14 17:55:00'),
	(46, 'test2', 'N', 'ico2604', '2017-11-14 17:55:00'),
	(47, 'test2', 'N', 'tm_nanaya', '2017-11-14 17:55:00'),
	(48, 'test3', 'N', 'bjyjy0702', '2017-11-14 17:55:00'),
	(49, 'test3', 'N', 'kwakjh1108', '2017-11-14 17:55:00'),
	(50, 'test3', 'N', 'soooonww', '2017-11-14 17:55:00'),
	(51, 'test3', 'N', 'hoehoe1352', '2017-11-14 17:55:00'),
	(52, 'test3', 'N', 'so960506', '2017-11-14 17:55:00'),
	(53, 'test3', 'N', 'power90kim', '2017-11-14 17:55:00'),
	(54, 'test3', 'N', 'jessic32', '2017-11-14 17:55:00'),
	(55, 'test3', 'N', 'posdf-011', '2017-11-14 17:55:00'),
	(56, 'test3', 'N', 'kiyoon1008', '2017-11-14 17:55:00'),
	(57, 'test3', 'N', 'thdus96321', '2017-11-14 17:55:00'),
	(58, 'test3', 'N', 'dohyun0304', '2017-11-14 17:55:00'),
	(59, 'test3', 'N', 'baboya787', '2017-11-14 17:55:00'),
	(60, 'test3', 'N', 'dlcnd9401', '2017-11-14 17:55:00'),
	(61, 'test3', 'N', 'cod_d', '2017-11-14 17:55:00'),
	(62, 'test3', 'N', 'yonghun053', '2017-11-14 17:55:00'),
	(63, 'test3', 'N', 'sumadream1', '2017-11-14 17:55:00'),
	(64, 'test3', 'N', 'chlgurakst', '2017-11-14 17:55:00'),
	(65, 'test3', 'N', 'ojun321', '2017-11-14 17:55:00'),
	(66, 'test3', 'N', 'hanyena113', '2017-11-14 17:55:00'),
	(67, 'test3', 'N', 'gjeocjf', '2017-11-14 17:55:00'),
	(68, 'test3', 'N', 'asdfg4656', '2017-11-14 17:55:00'),
	(69, 'test3', 'N', 'ico2604', '2017-11-14 17:55:00'),
	(70, 'test3', 'N', 'tm_nanaya', '2017-11-14 17:55:00'),
	(71, 'test4', 'N', 'bjyjy0702', '2017-11-14 17:55:00'),
	(72, 'test4', 'N', 'kwakjh1108', '2017-11-14 17:55:00'),
	(73, 'test4', 'N', 'soooonww', '2017-11-14 17:55:00'),
	(74, 'test4', 'N', 'hoehoe1352', '2017-11-14 17:55:00'),
	(75, 'test4', 'N', 'so960506', '2017-11-14 17:55:00'),
	(76, 'test4', 'N', 'power90kim', '2017-11-14 17:55:00'),
	(77, 'test4', 'N', 'jessic32', '2017-11-14 17:55:01'),
	(78, 'test4', 'N', 'posdf-011', '2017-11-14 17:55:01'),
	(79, 'test4', 'N', 'kiyoon1008', '2017-11-14 17:55:01'),
	(80, 'test4', 'N', 'thdus96321', '2017-11-14 17:55:01'),
	(81, 'test4', 'N', 'joo79100', '2017-11-14 17:55:01'),
	(82, 'test4', 'N', 'happily013', '2017-11-14 17:55:01'),
	(83, 'test4', 'N', 'anjjo902', '2017-11-14 17:55:01'),
	(84, 'test4', 'N', 'jsyou1945', '2017-11-14 17:55:01'),
	(85, 'test4', 'N', 'gjeocjf', '2017-11-14 17:55:01'),
	(86, 'test4', 'N', 'asdfg4656', '2017-11-14 17:55:01'),
	(87, 'test4', 'N', 'ico2604', '2017-11-14 17:55:01'),
	(88, 'test4', 'N', 'tm_nanaya', '2017-11-14 17:55:01'),
	(89, 'test6', 'N', 'bjyjy0702', '2017-11-14 17:56:31'),
	(90, 'test6', 'N', 'kwakjh1108', '2017-11-14 17:56:31'),
	(91, 'test6', 'N', 'soooonww', '2017-11-14 17:56:31'),
	(92, 'test6', 'N', 'hoehoe1352', '2017-11-14 17:56:31'),
	(93, 'test6', 'N', 'so960506', '2017-11-14 17:56:31'),
	(94, 'test6', 'N', 'power90kim', '2017-11-14 17:56:31'),
	(95, 'test6', 'N', 'jessic32', '2017-11-14 17:56:31'),
	(96, 'test6', 'N', 'posdf-011', '2017-11-14 17:56:31'),
	(97, 'test6', 'N', 'kiyoon1008', '2017-11-14 17:56:31'),
	(98, 'test6', 'N', 'thdus96321', '2017-11-14 17:56:31'),
	(99, 'test6', 'N', 'joo79100', '2017-11-14 17:56:31'),
	(100, 'test6', 'N', 'happily013', '2017-11-14 17:56:32'),
	(101, 'test6', 'N', 'anjjo902', '2017-11-14 17:56:32'),
	(102, 'test6', 'N', 'jsyou1945', '2017-11-14 17:56:32'),
	(103, 'test6', 'N', 'ghgh9700', '2017-11-14 17:56:32'),
	(104, 'test6', 'N', 'dohyun0304', '2017-11-14 17:56:32'),
	(105, 'test6', 'N', 'baboya787', '2017-11-14 17:56:32'),
	(106, 'test6', 'N', 'dlcnd9401', '2017-11-14 17:56:32'),
	(107, 'test6', 'N', 'cod_d', '2017-11-14 17:56:32'),
	(108, 'test6', 'N', 'yonghun053', '2017-11-14 17:56:32'),
	(109, 'test6', 'N', 'sumadream1', '2017-11-14 17:56:32'),
	(110, 'test6', 'N', 'chlgurakst', '2017-11-14 17:56:32'),
	(111, 'test8', 'N', 'hoehoe1352', '2017-11-14 17:56:32'),
	(112, 'test8', 'N', 'so960506', '2017-11-14 17:56:32'),
	(113, 'test8', 'N', 'power90kim', '2017-11-14 17:56:32'),
	(114, 'test8', 'N', 'jessic32', '2017-11-14 17:56:32'),
	(115, 'test8', 'N', 'posdf-011', '2017-11-14 17:56:32'),
	(116, 'test8', 'N', 'kiyoon1008', '2017-11-14 17:56:32'),
	(117, 'test8', 'N', 'thdus96321', '2017-11-14 17:56:32'),
	(118, 'test8', 'N', 'joo79100', '2017-11-14 17:56:32'),
	(119, 'test8', 'N', 'happily013', '2017-11-14 17:56:32'),
	(120, 'test8', 'N', 'anjjo902', '2017-11-14 17:56:32'),
	(121, 'test8', 'N', 'jsyou1945', '2017-11-14 17:56:32'),
	(122, 'test8', 'N', 'ghgh9700', '2017-11-14 17:56:32'),
	(123, 'test8', 'N', 'dohyun0304', '2017-11-14 17:56:32'),
	(124, 'test8', 'N', 'baboya787', '2017-11-14 17:56:32'),
	(125, 'test8', 'N', 'dlcnd9401', '2017-11-14 17:56:32'),
	(126, 'test8', 'N', 'cod_d', '2017-11-14 17:56:32'),
	(127, 'test8', 'N', 'yonghun053', '2017-11-14 17:56:32'),
	(128, 'test8', 'N', 'sumadream1', '2017-11-14 17:56:32'),
	(129, 'test8', 'N', 'chlgurakst', '2017-11-14 17:56:32'),
	(130, 'test8', 'N', 'ojun321', '2017-11-14 17:56:32'),
	(131, 'test8', 'N', 'hanyena113', '2017-11-14 17:56:32'),
	(132, 'test8', 'N', 'gjeocjf', '2017-11-14 17:56:32'),
	(133, 'test8', 'N', 'asdfg4656', '2017-11-14 17:56:32'),
	(134, 'test8', 'N', 'ico2604', '2017-11-14 17:56:32'),
	(135, 'test8', 'N', 'tm_nanaya', '2017-11-14 17:56:32'),
	(136, 'test10', 'N', 'bjyjy0702', '2017-11-14 17:56:32'),
	(137, 'test10', 'N', 'kwakjh1108', '2017-11-14 17:56:32'),
	(138, 'test10', 'N', 'soooonww', '2017-11-14 17:56:32'),
	(139, 'test10', 'N', 'hoehoe1352', '2017-11-14 17:56:32'),
	(140, 'test10', 'N', 'so960506', '2017-11-14 17:56:32'),
	(141, 'test10', 'N', 'power90kim', '2017-11-14 17:56:32'),
	(142, 'test10', 'N', 'jessic32', '2017-11-14 17:56:32'),
	(143, 'test10', 'N', 'posdf-011', '2017-11-14 17:56:32'),
	(144, 'test10', 'N', 'kiyoon1008', '2017-11-14 17:56:32'),
	(145, 'test10', 'N', 'thdus96321', '2017-11-14 17:56:32'),
	(146, 'test10', 'N', 'dohyun0304', '2017-11-14 17:56:32'),
	(147, 'test10', 'N', 'baboya787', '2017-11-14 17:56:32'),
	(148, 'test10', 'N', 'dlcnd9401', '2017-11-14 17:56:32'),
	(149, 'test10', 'N', 'cod_d', '2017-11-14 17:56:32'),
	(150, 'test10', 'N', 'yonghun053', '2017-11-14 17:56:32'),
	(151, 'test10', 'N', 'sumadream1', '2017-11-14 17:56:32'),
	(152, 'test10', 'N', 'chlgurakst', '2017-11-14 17:56:32'),
	(153, 'test10', 'N', 'ojun321', '2017-11-14 17:56:32'),
	(154, 'test10', 'N', 'hanyena113', '2017-11-14 17:56:32'),
	(155, 'test10', 'N', 'gjeocjf', '2017-11-14 17:56:32'),
	(156, 'test10', 'N', 'asdfg4656', '2017-11-14 17:56:32'),
	(157, 'test10', 'N', 'ico2604', '2017-11-14 17:56:32'),
	(158, 'test10', 'N', 'tm_nanaya', '2017-11-14 17:56:32'),
	(159, 'test13', 'N', 'bjyjy0702', '2017-11-14 17:56:32'),
	(160, 'test13', 'N', 'kwakjh1108', '2017-11-14 17:56:32'),
	(161, 'test13', 'N', 'soooonww', '2017-11-14 17:56:32'),
	(162, 'test13', 'N', 'hoehoe1352', '2017-11-14 17:56:32'),
	(163, 'test13', 'N', 'so960506', '2017-11-14 17:56:32'),
	(164, 'test13', 'N', 'power90kim', '2017-11-14 17:56:33'),
	(165, 'test13', 'N', 'jessic32', '2017-11-14 17:56:33'),
	(166, 'test13', 'N', 'posdf-011', '2017-11-14 17:56:33'),
	(167, 'test13', 'N', 'kiyoon1008', '2017-11-14 17:56:33'),
	(168, 'test13', 'N', 'thdus96321', '2017-11-14 17:56:33'),
	(169, 'test13', 'N', 'joo79100', '2017-11-14 17:56:33'),
	(170, 'test13', 'N', 'happily013', '2017-11-14 17:56:33'),
	(171, 'test13', 'N', 'anjjo902', '2017-11-14 17:56:33'),
	(172, 'test13', 'N', 'jsyou1945', '2017-11-14 17:56:33'),
	(173, 'test13', 'N', 'gjeocjf', '2017-11-14 17:56:33'),
	(174, 'test13', 'N', 'asdfg4656', '2017-11-14 17:56:33'),
	(175, 'test13', 'N', 'ico2604', '2017-11-14 17:56:33'),
	(176, 'test13', 'N', 'tm_nanaya', '2017-11-14 17:56:33'),
	(177, 'test15', 'N', 'bjyjy0702', '2017-11-14 17:57:39'),
	(178, 'test15', 'N', 'kwakjh1108', '2017-11-14 17:57:39'),
	(179, 'test15', 'N', 'soooonww', '2017-11-14 17:57:39'),
	(180, 'test15', 'N', 'hoehoe1352', '2017-11-14 17:57:39'),
	(181, 'test15', 'N', 'so960506', '2017-11-14 17:57:39'),
	(182, 'test15', 'N', 'power90kim', '2017-11-14 17:57:39'),
	(183, 'test15', 'N', 'jessic32', '2017-11-14 17:57:40'),
	(184, 'test15', 'N', 'posdf-011', '2017-11-14 17:57:40'),
	(185, 'test15', 'N', 'kiyoon1008', '2017-11-14 17:57:40'),
	(186, 'test15', 'N', 'thdus96321', '2017-11-14 17:57:40'),
	(187, 'test15', 'N', 'joo79100', '2017-11-14 17:57:40'),
	(188, 'test15', 'N', 'happily013', '2017-11-14 17:57:40'),
	(189, 'test15', 'N', 'anjjo902', '2017-11-14 17:57:40'),
	(190, 'test15', 'N', 'jsyou1945', '2017-11-14 17:57:40'),
	(191, 'test15', 'N', 'ghgh9700', '2017-11-14 17:57:40'),
	(192, 'test15', 'N', 'dohyun0304', '2017-11-14 17:57:40'),
	(193, 'test15', 'N', 'baboya787', '2017-11-14 17:57:40'),
	(194, 'test15', 'N', 'dlcnd9401', '2017-11-14 17:57:40'),
	(195, 'test15', 'N', 'cod_d', '2017-11-14 17:57:40'),
	(196, 'test15', 'N', 'yonghun053', '2017-11-14 17:57:40'),
	(197, 'test15', 'N', 'sumadream1', '2017-11-14 17:57:40'),
	(198, 'test15', 'N', 'chlgurakst', '2017-11-14 17:57:40'),
	(199, 'test17', 'N', 'hoehoe1352', '2017-11-14 17:57:40'),
	(200, 'test17', 'N', 'so960506', '2017-11-14 17:57:40'),
	(201, 'test17', 'N', 'power90kim', '2017-11-14 17:57:40'),
	(202, 'test17', 'N', 'jessic32', '2017-11-14 17:57:40'),
	(203, 'test17', 'N', 'posdf-011', '2017-11-14 17:57:40'),
	(204, 'test17', 'N', 'kiyoon1008', '2017-11-14 17:57:40'),
	(205, 'test17', 'N', 'thdus96321', '2017-11-14 17:57:40'),
	(206, 'test17', 'N', 'joo79100', '2017-11-14 17:57:40'),
	(207, 'test17', 'N', 'happily013', '2017-11-14 17:57:40'),
	(208, 'test17', 'N', 'anjjo902', '2017-11-14 17:57:40'),
	(209, 'test17', 'N', 'jsyou1945', '2017-11-14 17:57:40'),
	(210, 'test17', 'N', 'ghgh9700', '2017-11-14 17:57:40'),
	(211, 'test17', 'N', 'dohyun0304', '2017-11-14 17:57:40'),
	(212, 'test17', 'N', 'baboya787', '2017-11-14 17:57:40'),
	(213, 'test17', 'N', 'dlcnd9401', '2017-11-14 17:57:40'),
	(214, 'test17', 'N', 'cod_d', '2017-11-14 17:57:40'),
	(215, 'test17', 'N', 'yonghun053', '2017-11-14 17:57:40'),
	(216, 'test17', 'N', 'sumadream1', '2017-11-14 17:57:40'),
	(217, 'test17', 'N', 'chlgurakst', '2017-11-14 17:57:40'),
	(218, 'test17', 'N', 'ojun321', '2017-11-14 17:57:40'),
	(219, 'test17', 'N', 'hanyena113', '2017-11-14 17:57:40'),
	(220, 'test17', 'N', 'gjeocjf', '2017-11-14 17:57:40'),
	(221, 'test17', 'N', 'asdfg4656', '2017-11-14 17:57:40'),
	(222, 'test17', 'N', 'ico2604', '2017-11-14 17:57:40'),
	(223, 'test17', 'N', 'tm_nanaya', '2017-11-14 17:57:40'),
	(224, 'test19', 'N', 'bjyjy0702', '2017-11-14 17:57:40'),
	(225, 'test19', 'N', 'kwakjh1108', '2017-11-14 17:57:40'),
	(226, 'test19', 'N', 'soooonww', '2017-11-14 17:57:40'),
	(227, 'test19', 'N', 'hoehoe1352', '2017-11-14 17:57:40'),
	(228, 'test19', 'N', 'so960506', '2017-11-14 17:57:40'),
	(229, 'test19', 'N', 'power90kim', '2017-11-14 17:57:40'),
	(230, 'test19', 'N', 'jessic32', '2017-11-14 17:57:40'),
	(231, 'test19', 'N', 'posdf-011', '2017-11-14 17:57:40'),
	(232, 'test19', 'N', 'kiyoon1008', '2017-11-14 17:57:40'),
	(233, 'test19', 'N', 'thdus96321', '2017-11-14 17:57:40'),
	(234, 'test19', 'N', 'dohyun0304', '2017-11-14 17:57:40'),
	(235, 'test19', 'N', 'baboya787', '2017-11-14 17:57:40'),
	(236, 'test19', 'N', 'dlcnd9401', '2017-11-14 17:57:40'),
	(237, 'test19', 'N', 'cod_d', '2017-11-14 17:57:40'),
	(238, 'test19', 'N', 'yonghun053', '2017-11-14 17:57:40'),
	(239, 'test19', 'N', 'sumadream1', '2017-11-14 17:57:40'),
	(240, 'test19', 'N', 'chlgurakst', '2017-11-14 17:57:40'),
	(241, 'test19', 'N', 'ojun321', '2017-11-14 17:57:40'),
	(242, 'test19', 'N', 'hanyena113', '2017-11-14 17:57:40'),
	(243, 'test19', 'N', 'gjeocjf', '2017-11-14 17:57:41'),
	(244, 'test19', 'N', 'asdfg4656', '2017-11-14 17:57:41'),
	(245, 'test19', 'N', 'ico2604', '2017-11-14 17:57:41'),
	(246, 'test19', 'N', 'tm_nanaya', '2017-11-14 17:57:41'),
	(247, 'test20', 'N', 'bjyjy0702', '2017-11-14 17:57:41'),
	(248, 'test20', 'N', 'kwakjh1108', '2017-11-14 17:57:41'),
	(249, 'test20', 'N', 'soooonww', '2017-11-14 17:57:41'),
	(250, 'test20', 'N', 'hoehoe1352', '2017-11-14 17:57:41'),
	(251, 'test20', 'N', 'so960506', '2017-11-14 17:57:41'),
	(252, 'test20', 'N', 'power90kim', '2017-11-14 17:57:41'),
	(253, 'test20', 'N', 'jessic32', '2017-11-14 17:57:41'),
	(254, 'test20', 'N', 'posdf-011', '2017-11-14 17:57:41'),
	(255, 'test20', 'N', 'kiyoon1008', '2017-11-14 17:57:41'),
	(256, 'test20', 'N', 'thdus96321', '2017-11-14 17:57:41'),
	(257, 'test20', 'N', 'joo79100', '2017-11-14 17:57:41'),
	(258, 'test20', 'N', 'happily013', '2017-11-14 17:57:41'),
	(259, 'test20', 'N', 'anjjo902', '2017-11-14 17:57:41'),
	(260, 'test20', 'N', 'jsyou1945', '2017-11-14 17:57:41'),
	(261, 'test20', 'N', 'gjeocjf', '2017-11-14 17:57:41'),
	(262, 'test20', 'N', 'asdfg4656', '2017-11-14 17:57:41'),
	(263, 'test20', 'N', 'ico2604', '2017-11-14 17:57:41'),
	(264, 'test20', 'N', 'tm_nanaya', '2017-11-14 17:57:41');
/*!40000 ALTER TABLE `TestBoard` ENABLE KEYS */;

-- 테이블 trois.TestBoardLog 구조 내보내기
CREATE TABLE IF NOT EXISTS `TestBoardLog` (
  `no` int(11) NOT NULL AUTO_INCREMENT,
  `id` varchar(10) NOT NULL,
  `del_yn` varchar(1) NOT NULL DEFAULT 'N',
  `dev_nm` varchar(10) NOT NULL,
  `reg_date` timestamp NOT NULL DEFAULT CURRENT_TIMESTAMP,
  PRIMARY KEY (`no`)
) ENGINE=InnoDB AUTO_INCREMENT=10 DEFAULT CHARSET=utf8;

-- 테이블 데이터 trois.TestBoardLog:~8 rows (대략적) 내보내기
/*!40000 ALTER TABLE `TestBoardLog` DISABLE KEYS */;
INSERT INTO `TestBoardLog` (`no`, `id`, `del_yn`, `dev_nm`, `reg_date`) VALUES
	(2, 'so960506', 'N', '김보경', '2017-11-15 16:27:05'),
	(3, 'so960506', 'N', '김보경', '2017-11-15 16:27:33'),
	(4, 'so960506', 'N', '김보경', '2017-11-15 16:27:41'),
	(5, 'so960506', 'N', '김보경', '2017-11-15 16:27:51'),
	(6, 'so960506', 'N', '김보경', '2017-11-15 16:28:50'),
	(7, 'so960506', 'N', '김보경', '2017-11-15 16:28:51'),
	(8, 'so960506', 'N', '김보경', '2017-11-15 16:29:55'),
	(9, 'so960506', 'N', '김보경', '2017-11-15 16:52:09');
/*!40000 ALTER TABLE `TestBoardLog` ENABLE KEYS */;

-- 테이블 trois.TestContact 구조 내보내기
CREATE TABLE IF NOT EXISTS `TestContact` (
  `no` int(11) NOT NULL AUTO_INCREMENT,
  `id` varchar(10) NOT NULL,
  `del_yn` varchar(1) NOT NULL DEFAULT 'N',
  `reg_date` timestamp NOT NULL DEFAULT CURRENT_TIMESTAMP,
  PRIMARY KEY (`no`)
) ENGINE=InnoDB AUTO_INCREMENT=193 DEFAULT CHARSET=utf8;

-- 테이블 데이터 trois.TestContact:~186 rows (대략적) 내보내기
/*!40000 ALTER TABLE `TestContact` DISABLE KEYS */;
INSERT INTO `TestContact` (`no`, `id`, `del_yn`, `reg_date`) VALUES
	(1, 'kiyoon1008', 'Y', '2017-11-15 15:24:34'),
	(2, 'bjyjy0702', 'Y', '2017-11-15 15:24:55'),
	(3, 'kwakjh1108', 'Y', '2017-11-15 15:25:33'),
	(4, 'bjyjy0702', 'Y', '2017-11-15 15:26:05'),
	(5, 'bjyjy0702', 'Y', '2017-11-15 15:26:25'),
	(6, 'kiyoon1008', 'Y', '2017-11-15 15:26:36'),
	(7, 'kiyoon1008', 'Y', '2017-11-15 15:26:40'),
	(8, 'kiyoon1008', 'Y', '2017-11-15 15:26:41'),
	(9, 'bjyjy0702', 'Y', '2017-11-15 15:26:51'),
	(10, 'bjyjy0702', 'Y', '2017-11-15 15:27:46'),
	(17, 'bjyjy0702', 'Y', '2017-11-15 15:30:56'),
	(18, 'bjyjy0702', 'Y', '2017-11-15 15:31:17'),
	(19, 'bjyjy0702', 'Y', '2017-11-15 15:31:30'),
	(20, 'kiyoon1008', 'Y', '2017-11-15 15:31:42'),
	(21, 'bjyjy0702', 'Y', '2017-11-15 15:31:49'),
	(22, 'bjyjy0702', 'Y', '2017-11-15 15:31:54'),
	(23, 'bjyjy0702', 'Y', '2017-11-15 15:31:55'),
	(24, 'bjyjy0702', 'Y', '2017-11-15 15:32:26'),
	(25, 'sumadream1', 'Y', '2017-11-15 15:36:55'),
	(26, 'sumadream1', 'Y', '2017-11-15 15:36:58'),
	(27, 'sumadream1', 'Y', '2017-11-15 15:37:01'),
	(28, 'bjyjy0702', 'Y', '2017-11-15 15:39:03'),
	(29, 'sumadream1', 'Y', '2017-11-15 15:42:18'),
	(30, 'sumadream1', 'Y', '2017-11-15 15:42:22'),
	(31, 'sumadream1', 'Y', '2017-11-15 15:42:24'),
	(32, 'chlgurakst', 'Y', '2017-11-15 15:42:38'),
	(33, 'chlgurakst', 'Y', '2017-11-15 15:42:39'),
	(34, 'chlgurakst', 'Y', '2017-11-15 15:42:39'),
	(35, 'chlgurakst', 'Y', '2017-11-15 15:42:41'),
	(36, 'chlgurakst', 'Y', '2017-11-15 15:42:42'),
	(37, 'bjyjy0702', 'Y', '2017-11-15 15:43:09'),
	(38, 'bjyjy0702', 'Y', '2017-11-15 15:43:13'),
	(39, 'bjyjy0702', 'Y', '2017-11-15 15:43:16'),
	(40, 'bjyjy0702', 'Y', '2017-11-15 15:48:32'),
	(41, 'bjyjy0702', 'Y', '2017-11-15 15:48:49'),
	(42, 'bjyjy0702', 'Y', '2017-11-15 15:48:51'),
	(43, 'bjyjy0702', 'Y', '2017-11-15 15:48:52'),
	(44, 'kwakjh1108', 'Y', '2017-11-15 15:49:00'),
	(45, 'kwakjh1108', 'Y', '2017-11-15 15:49:02'),
	(46, 'kwakjh1108', 'Y', '2017-11-15 15:49:03'),
	(47, 'chlgurakst', 'Y', '2017-11-15 15:49:14'),
	(48, 'kwakjh1108', 'Y', '2017-11-15 15:50:09'),
	(49, 'kwakjh1108', 'Y', '2017-11-15 15:50:10'),
	(50, 'sumadream1', 'Y', '2017-11-15 15:50:22'),
	(51, 'sumadream1', 'Y', '2017-11-15 15:50:23'),
	(52, 'sumadream1', 'Y', '2017-11-15 15:50:24'),
	(53, 'kwakjh1108', 'Y', '2017-11-15 15:50:25'),
	(54, 'kwakjh1108', 'Y', '2017-11-15 15:50:26'),
	(55, 'sumadream1', 'Y', '2017-11-15 15:51:29'),
	(56, 'chlgurakst', 'Y', '2017-11-15 15:51:44'),
	(57, 'so960506', 'Y', '2017-11-15 15:52:22'),
	(58, 'so960506', 'Y', '2017-11-15 15:52:24'),
	(59, 'so960506', 'Y', '2017-11-15 15:53:33'),
	(60, 'so960506', 'Y', '2017-11-15 15:53:35'),
	(61, 'so960506', 'Y', '2017-11-15 15:53:49'),
	(62, 'so960506', 'Y', '2017-11-15 15:53:55'),
	(63, 'so960506', 'Y', '2017-11-15 15:53:57'),
	(64, 'so960506', 'Y', '2017-11-15 15:53:58'),
	(65, 'sumadream1', 'Y', '2017-11-15 15:55:25'),
	(66, 'sumadream1', 'Y', '2017-11-15 15:55:27'),
	(67, 'sumadream1', 'Y', '2017-11-15 15:55:28'),
	(68, 'chlgurakst', 'Y', '2017-11-15 15:55:38'),
	(69, 'chlgurakst', 'Y', '2017-11-15 15:55:39'),
	(70, 'chlgurakst', 'N', '2017-11-15 15:55:40'),
	(71, 'sumadream1', 'N', '2017-11-15 15:55:46'),
	(72, 'cod_d', 'Y', '2017-11-15 15:56:15'),
	(73, 'cod_d', 'Y', '2017-11-15 15:56:17'),
	(74, 'so960506', 'Y', '2017-11-15 15:57:54'),
	(75, 'so960506', 'Y', '2017-11-15 15:57:56'),
	(76, 'bjyjy0702', 'Y', '2017-11-15 16:01:09'),
	(77, 'bjyjy0702', 'Y', '2017-11-15 16:01:10'),
	(78, 'bjyjy0702', 'Y', '2017-11-15 16:01:10'),
	(79, 'bjyjy0702', 'Y', '2017-11-15 16:01:10'),
	(80, 'bjyjy0702', 'Y', '2017-11-15 16:01:11'),
	(81, 'bjyjy0702', 'Y', '2017-11-15 16:01:11'),
	(82, 'cod_d', 'Y', '2017-11-15 16:01:18'),
	(83, 'cod_d', 'N', '2017-11-15 16:01:20'),
	(84, 'kiyoon1008', 'Y', '2017-11-15 16:01:40'),
	(85, 'kiyoon1008', 'Y', '2017-11-15 16:01:42'),
	(86, 'so960506', 'Y', '2017-11-15 16:02:54'),
	(87, 'kiyoon1008', 'Y', '2017-11-15 16:03:09'),
	(88, 'kiyoon1008', 'Y', '2017-11-15 16:03:10'),
	(89, 'so960506', 'Y', '2017-11-15 16:03:45'),
	(90, 'so960506', 'Y', '2017-11-15 16:03:45'),
	(91, 'so960506', 'Y', '2017-11-15 16:03:59'),
	(92, 'so960506', 'Y', '2017-11-15 16:04:00'),
	(93, 'so960506', 'Y', '2017-11-15 16:04:11'),
	(94, 'kiyoon1008', 'Y', '2017-11-15 16:04:14'),
	(95, 'kiyoon1008', 'Y', '2017-11-15 16:04:15'),
	(96, 'kwakjh1108', 'Y', '2017-11-15 16:04:27'),
	(97, 'kwakjh1108', 'Y', '2017-11-15 16:04:31'),
	(98, 'so960506', 'Y', '2017-11-15 16:06:53'),
	(99, 'so960506', 'Y', '2017-11-15 16:06:54'),
	(100, 'so960506', 'Y', '2017-11-15 16:06:55'),
	(101, 'anjjo902', 'Y', '2017-11-15 16:06:58'),
	(102, 'anjjo902', 'Y', '2017-11-15 16:07:00'),
	(103, 'anjjo902', 'Y', '2017-11-15 16:07:00'),
	(104, 'bjyjy0702', 'Y', '2017-11-15 16:07:11'),
	(105, 'kiyoon1008', 'Y', '2017-11-15 16:07:23'),
	(106, 'kiyoon1008', 'Y', '2017-11-15 16:07:28'),
	(107, 'kiyoon1008', 'Y', '2017-11-15 16:07:36'),
	(108, 'kiyoon1008', 'Y', '2017-11-15 16:07:38'),
	(109, 'kwakjh1108', 'Y', '2017-11-15 16:07:44'),
	(110, 'kwakjh1108', 'Y', '2017-11-15 16:07:45'),
	(111, 'kwakjh1108', 'Y', '2017-11-15 16:07:46'),
	(112, 'kwakjh1108', 'Y', '2017-11-15 16:07:46'),
	(113, 'kwakjh1108', 'Y', '2017-11-15 16:07:47'),
	(114, 'anjjo902', 'N', '2017-11-15 16:07:57'),
	(115, 'kwakjh1108', 'Y', '2017-11-15 16:08:04'),
	(116, 'kiyoon1008', 'Y', '2017-11-15 16:08:07'),
	(117, 'kiyoon1008', 'Y', '2017-11-15 16:08:07'),
	(118, 'kiyoon1008', 'Y', '2017-11-15 16:08:08'),
	(119, 'kwakjh1108', 'Y', '2017-11-15 16:09:43'),
	(120, 'kwakjh1108', 'Y', '2017-11-15 16:09:53'),
	(121, 'kwakjh1108', 'Y', '2017-11-15 16:09:57'),
	(122, 'kiyoon1008', 'Y', '2017-11-15 16:10:00'),
	(123, 'kiyoon1008', 'Y', '2017-11-15 16:10:01'),
	(124, 'kwakjh1108', 'Y', '2017-11-15 16:10:11'),
	(125, 'kwakjh1108', 'Y', '2017-11-15 16:10:13'),
	(126, 'so960506', 'Y', '2017-11-15 16:10:42'),
	(127, 'kwakjh1108', 'Y', '2017-11-15 16:10:54'),
	(128, 'kwakjh1108', 'Y', '2017-11-15 16:10:56'),
	(129, 'kiyoon1008', 'Y', '2017-11-15 16:11:32'),
	(130, 'kwakjh1108', 'Y', '2017-11-15 16:12:18'),
	(131, 'kwakjh1108', 'Y', '2017-11-15 16:12:27'),
	(132, 'kwakjh1108', 'Y', '2017-11-15 16:12:28'),
	(133, 'kwakjh1108', 'Y', '2017-11-15 16:13:24'),
	(134, 'kiyoon1008', 'Y', '2017-11-15 16:13:31'),
	(135, 'kiyoon1008', 'Y', '2017-11-15 16:14:20'),
	(136, 'kiyoon1008', 'Y', '2017-11-15 16:14:22'),
	(137, 'kiyoon1008', 'Y', '2017-11-15 16:15:31'),
	(138, 'so960506', 'Y', '2017-11-15 16:15:36'),
	(139, 'kwakjh1108', 'Y', '2017-11-15 16:15:57'),
	(140, 'kwakjh1108', 'Y', '2017-11-15 16:16:00'),
	(141, 'kiyoon1008', 'Y', '2017-11-15 16:16:45'),
	(142, 'kiyoon1008', 'Y', '2017-11-15 16:16:55'),
	(143, 'kiyoon1008', 'Y', '2017-11-15 16:16:58'),
	(144, 'so960506', 'Y', '2017-11-15 16:18:12'),
	(145, 'so960506', 'Y', '2017-11-15 16:18:20'),
	(146, 'kiyoon1008', 'Y', '2017-11-15 16:18:20'),
	(147, 'kwakjh1108', 'Y', '2017-11-15 16:18:45'),
	(148, 'kwakjh1108', 'Y', '2017-11-15 16:19:00'),
	(149, 'kwakjh1108', 'Y', '2017-11-15 16:19:03'),
	(150, 'kiyoon1008', 'Y', '2017-11-15 16:19:12'),
	(151, 'kiyoon1008', 'Y', '2017-11-15 16:19:14'),
	(152, 'kiyoon1008', 'Y', '2017-11-15 16:19:15'),
	(153, 'kiyoon1008', 'Y', '2017-11-15 16:19:50'),
	(154, 'so960506', 'Y', '2017-11-15 16:19:51'),
	(155, 'so960506', 'Y', '2017-11-15 16:19:55'),
	(156, 'so960506', 'Y', '2017-11-15 16:20:45'),
	(157, 'so960506', 'Y', '2017-11-15 16:20:49'),
	(158, 'kwakjh1108', 'N', '2017-11-15 16:23:13'),
	(159, 'so960506', 'Y', '2017-11-15 16:23:29'),
	(160, 'kiyoon1008', 'Y', '2017-11-15 16:24:26'),
	(161, 'kiyoon1008', 'Y', '2017-11-15 16:24:27'),
	(162, 'kiyoon1008', 'Y', '2017-11-15 16:24:27'),
	(163, 'kiyoon1008', 'Y', '2017-11-15 16:24:29'),
	(164, 'kiyoon1008', 'Y', '2017-11-15 16:24:55'),
	(165, 'kiyoon1008', 'Y', '2017-11-15 16:24:57'),
	(166, 'kiyoon1008', 'N', '2017-11-15 16:25:02'),
	(167, 'bjyjy0702', 'Y', '2017-11-15 16:25:10'),
	(168, 'bjyjy0702', 'Y', '2017-11-15 16:25:11'),
	(169, 'bjyjy0702', 'N', '2017-11-15 16:25:13'),
	(170, 'so960506', 'Y', '2017-11-15 16:26:58'),
	(171, 'so960506', 'Y', '2017-11-15 16:27:03'),
	(172, 'so960506', 'Y', '2017-11-15 16:27:05'),
	(173, 'so960506', 'Y', '2017-11-15 16:27:34'),
	(174, 'so960506', 'Y', '2017-11-15 16:27:36'),
	(175, 'so960506', 'Y', '2017-11-15 16:27:40'),
	(176, 'so960506', 'Y', '2017-11-15 16:27:41'),
	(177, 'so960506', 'Y', '2017-11-15 16:27:51'),
	(178, 'so960506', 'Y', '2017-11-15 16:28:50'),
	(179, 'so960506', 'Y', '2017-11-15 16:28:51'),
	(180, 'so960506', 'Y', '2017-11-15 16:28:57'),
	(181, 'so960506', 'Y', '2017-11-15 16:28:57'),
	(182, 'so960506', 'Y', '2017-11-15 16:28:57'),
	(183, 'so960506', 'Y', '2017-11-15 16:29:24'),
	(184, 'so960506', 'Y', '2017-11-15 16:29:28'),
	(185, 'so960506', 'Y', '2017-11-15 16:29:54'),
	(186, 'so960506', 'Y', '2017-11-15 16:29:55'),
	(187, 'so960506', 'Y', '2017-11-15 16:37:31'),
	(188, 'so960506', 'Y', '2017-11-15 16:51:03'),
	(189, 'so960506', 'Y', '2017-11-15 16:52:03'),
	(190, 'so960506', 'Y', '2017-11-15 16:52:03'),
	(191, 'so960506', 'Y', '2017-11-15 16:52:08'),
	(192, 'so960506', 'N', '2017-11-15 16:52:09');
/*!40000 ALTER TABLE `TestContact` ENABLE KEYS */;

-- 테이블 trois.TestUser 구조 내보내기
CREATE TABLE IF NOT EXISTS `TestUser` (
  `no` int(11) NOT NULL AUTO_INCREMENT,
  `id` varchar(10) NOT NULL,
  `pw` varchar(10) NOT NULL,
  `email` varchar(100) NOT NULL DEFAULT '0',
  `name` varchar(20) NOT NULL,
  `des` varchar(2000) NOT NULL,
  `auth` int(11) NOT NULL DEFAULT '0',
  `del_yn` varchar(1) NOT NULL DEFAULT 'N',
  PRIMARY KEY (`no`)
) ENGINE=InnoDB AUTO_INCREMENT=29 DEFAULT CHARSET=utf8;

-- 테이블 데이터 trois.TestUser:~28 rows (대략적) 내보내기
/*!40000 ALTER TABLE `TestUser` DISABLE KEYS */;
INSERT INTO `TestUser` (`no`, `id`, `pw`, `email`, `name`, `des`, `auth`, `del_yn`) VALUES
	(1, 'bjyjy0702', '1234', 'bjyjy0702@naver.com', '공은비', '앵귤라반 입니다.', 1, 'N'),
	(2, 'kwakjh1108', '1234', 'kwakjh1108@naver.com', '곽주희', '앵귤라반 입니다.', 0, 'N'),
	(3, 'soooonww', '1234', 'soooonww@gmail.com', '권정순', '앵귤라반 입니다.', 1, 'N'),
	(4, 'hoehoe1352', '1234', 'hoehoe1352@naver.com', '김민지', '앵귤라반 입니다.', 0, 'N'),
	(5, 'so960506', '1234', 'so960506@naver.com', '김보경', '앵귤라반 입니다.', 0, 'N'),
	(6, 'power90kim', '1234', 'power90kim@naver.com', '김성진', '앵귤라반 입니다.', 0, 'N'),
	(7, 'jessic32', '1234', 'jessic32@naver.com', '김세영', '앵귤라반 입니다.', 1, 'N'),
	(8, 'posdf-011', '1234', 'posdf-011@hanmail.net', '김원중', '앵귤라반 입니다.', 0, 'N'),
	(9, 'kiyoon1008', '1234', 'kiyoon1008@naver.com', '박기윤', '앵귤라반 입니다.', 0, 'N'),
	(10, 'thdus96321', '1234', 'thdus96321@naver.com', '박소연', '앵귤라반 입니다.', 1, 'N'),
	(11, 'joo79100', '1234', 'joo79100@naver.com', '박종윤', '앵귤라반 입니다.', 1, 'N'),
	(12, 'happily013', '1234', 'happily0130@naver.com', '송지연', '앵귤라반 입니다.', 0, 'N'),
	(13, 'anjjo902', '1234', 'anjjo902@hanmail.net', '안재준', '앵귤라반 입니다.', 1, 'N'),
	(14, 'jsyou1945', '1234', 'jsyou1945@naver.com', '유준선', '앵귤라반 입니다.', 1, 'N'),
	(15, 'ghgh9700', '1234', 'ghgh9700@naver,com', '이근형', '앵귤라반 입니다.', 0, 'N'),
	(16, 'dohyun0304', '1234', 'dohyun0304@nate.com', '이도현', '앵귤라반 입니다.', 0, 'N'),
	(17, 'baboya787', '1234', 'baboya787@naver.com', '이민호', '앵귤라반 입니다.', 1, 'N'),
	(18, 'dlcnd9401', '1234', 'dlcnd9401@naver.com', '이충민', '앵귤라반 입니다.', 0, 'N'),
	(19, 'cod_d', '1234', 'cod_d@naver.com', '임채영', '앵귤라반 입니다.', 0, 'N'),
	(20, 'yonghun053', '1234', 'yonghun0530@naver.com', '주용훈', '앵귤라반 입니다.', 0, 'N'),
	(21, 'sumadream1', '1234', 'sumadream131@naver.com', '최승환', '앵귤라반 입니다.', 1, 'N'),
	(22, 'chlgurakst', '1234', 'chlgurakstp@naver.com', '최혁', '앵귤라반 입니다.', 0, 'N'),
	(23, 'ojun321', '1234', 'ojun321@naver.com', '한승준', '앵귤라반 입니다.', 0, 'N'),
	(24, 'hanyena113', '1234', 'hanyena1134@hanmail.net', '한예나', '앵귤라반 입니다.', 0, 'N'),
	(25, 'gjeocjf', '1234', 'gjeocjf@naver.com', '허대철', '앵귤라반 입니다.', 0, 'N'),
	(26, 'asdfg4656', '1234', 'asdfg4656@naver.com', '황근욱', '앵귤라반 입니다.', 1, 'N'),
	(27, 'ico2604', '1234', 'ico2604@naver.com', '황보우석', '앵귤라반 입니다.', 1, 'N'),
	(28, 'tm_nanaya', '1234', 'tm_nanaya@naver.com', '황지민', '앵귤라반 입니다.', 0, 'N');
/*!40000 ALTER TABLE `TestUser` ENABLE KEYS */;

-- 테이블 trois.user 구조 내보내기
CREATE TABLE IF NOT EXISTS `user` (
  `no` int(11) NOT NULL AUTO_INCREMENT COMMENT '자동증가',
  `id` varchar(10) NOT NULL COMMENT '사용자id',
  `name` varchar(20) NOT NULL COMMENT '사용자이름',
  `pwd` varchar(50) NOT NULL COMMENT '사용자pwd',
  `email` varchar(50) NOT NULL COMMENT '사용자이메일',
  `joindate` datetime NOT NULL COMMENT '사용자회원가입한날짜',
  `del_yn` varchar(1) NOT NULL DEFAULT 'y' COMMENT '삭제하면 ''n''으로 변경',
  `status` varchar(10) NOT NULL DEFAULT 'user' COMMENT 'user/admin',
  PRIMARY KEY (`no`)
) ENGINE=InnoDB AUTO_INCREMENT=86 DEFAULT CHARSET=utf8 COMMENT='사용자';

-- 테이블 데이터 trois.user:~80 rows (대략적) 내보내기
/*!40000 ALTER TABLE `user` DISABLE KEYS */;
INSERT INTO `user` (`no`, `id`, `name`, `pwd`, `email`, `joindate`, `del_yn`, `status`) VALUES
	(1, 'admin', '관리자', 'trois3333', 'admin@naver.com', '2017-11-08 15:53:51', 'y', 'admin'),
	(2, 'test', 'test', 'qwe', 'qwe@naver.com', '2017-11-08 15:54:10', 'y', 'user'),
	(3, 'trois', 'trois', '3333', 'trois@naver.com', '2017-11-08 16:53:08', 'y', 'user'),
	(4, 'tt', 'ta', 'gdgd', 'tkstjd@naver.com', '2017-11-09 10:56:34', 'y', 'user'),
	(5, 'a', 'a', 'aa', 'test1234@naver.com', '2017-11-09 12:10:55', 'n', 'user'),
	(6, 'aa', 'a', 'a', 'a@gudi.co.kr', '2017-11-09 15:28:04', 'y', 'user'),
	(7, 'lhr', '1111', '1111', 'lhr@goodee.ddd', '2017-11-09 19:21:22', 'y', 'user'),
	(8, 'kkk', 'pky', '123', 'kiyoon1008@naver.com', '2017-11-20 15:57:33', 'y', 'user'),
	(9, 'kkk', 'pky', '123', 'kiyoon1008@naver.com', '2017-11-20 15:57:56', 'y', 'user'),
	(10, 'kkk', 'pky', '123', 'kiyoon1008@naver.com', '2017-11-20 15:59:30', 'y', 'user'),
	(11, 'kkk', 'pky', '123', 'kiyoon1008@naver.com', '2017-11-20 16:00:41', 'y', 'user'),
	(12, 'kkk', 'pky', '123', 'kiyoon1008@naver.com', '2017-11-20 16:01:07', 'y', 'user'),
	(13, 'kkk', 'pky', '123', 'kiyoon1008@naver.com', '2017-11-20 16:03:06', 'y', 'user'),
	(14, 'kkk', 'pky', '123', 'kiyoon1008@naver.com', '2017-11-20 16:05:37', 'y', 'user'),
	(15, 'kkk', 'pky', '123', 'kiyoon1008@naver.com', '2017-11-20 16:06:17', 'y', 'user'),
	(16, 'kkk', 'pky', '123', 'kiyoon1008@daum.net', '2017-11-20 16:17:41', 'y', 'user'),
	(17, 'kkk', 'pky', '123', 'kiyoon1008@daum.net', '2017-11-20 16:20:23', 'y', 'user'),
	(18, 'kkk', 'pky', '123', 'kiyoon1008@daum.net', '2017-11-20 16:20:36', 'y', 'user'),
	(19, 'kkk', 'pky', '123', 'kiyoon1008@daum.net', '2017-11-20 17:24:40', 'y', 'user'),
	(20, 'kkk', 'pky', '123', 'kiyoon1008@daum.net', '2017-11-21 10:09:28', 'y', 'user'),
	(21, 'kkk', 'pky', '123', 'kiyoon1008@daum.net', '2017-11-21 10:34:22', 'y', 'user'),
	(22, 'kkk', 'pky', '123', 'kiyoon1008@daum.net', '2017-11-21 13:53:07', 'y', 'user'),
	(23, 'kkk', 'pky', '123', 'kiyoon1008@daum.net', '2017-11-21 14:10:30', 'y', 'user'),
	(24, 'kkk', 'pky', '123', 'kiyoon1008@daum.net', '2017-11-21 14:11:01', 'y', 'user'),
	(25, 'kkk', 'pky', '123', 'kiyoon1008@daum.net', '2017-11-21 14:13:10', 'y', 'user'),
	(26, 'gjeocjf', '허대철', 'eogh900', 'gjeocjf@naver.com', '2017-11-21 15:37:10', 'y', 'user'),
	(27, 'asd4656', '황근욱', 'gr8282', 'asd@naver.com', '2017-11-21 15:49:22', 'y', 'user'),
	(31, '허대철', 'a', 'a', 'asdfg4656@naver.com', '2017-11-21 16:12:46', 'y', 'user'),
	(32, '대철허', 'a', 'a', 'asdfg4656@naver.com', '2017-11-21 16:13:40', 'y', 'user'),
	(33, 'asd4656', '황근욱', 'gr8282', 'asd@naver.com', '2017-11-21 16:14:56', 'y', 'user'),
	(34, 'as4656', '근욱', 'gw8282', 'asdfg@daum.net', '2017-11-21 16:16:07', 'y', 'user'),
	(35, '허대철', 'a', 'a', 'asdfg4656@naver.com', '2017-11-21 16:20:31', 'y', 'user'),
	(36, 'ㅅㅅ', '123', '123', 'qwe@zxc.zxc', '2017-11-21 16:33:03', 'y', 'user'),
	(37, 'asd', '황근욱', 'asd', 'asd@asd.com', '2017-11-21 16:35:43', 'n', 'user'),
	(38, '허대처리', 'a', 'a', 'gjeocjf@naver.com', '2017-11-21 16:49:35', 'y', 'user'),
	(39, 'qqq', 'q', 'q', 'q@naver.com', '2017-11-22 10:07:10', 'y', 'user'),
	(40, 'asdd', 'asd', '123', 'asd@as.com', '2017-11-22 10:07:12', 'y', 'user'),
	(41, 'kkkk', 'kkkk', '1234', 'kkkk@naver.com', '2017-11-22 11:11:20', 'y', 'user'),
	(42, 'qweqwe', 'qwe', 'qwe', 'qwe@naver.com', '2017-11-22 11:47:13', 'y', 'user'),
	(43, 'ttt', 'ttt', 'tttt', 'ttt@naver.com', '2017-11-22 11:51:39', 'y', 'user'),
	(44, 'm', 'm', 'mm', 'm@m.com', '2017-11-22 11:56:39', 'y', 'user'),
	(45, 'aaaaaaa', 'a', 'a', 'a@naver.com', '2017-11-22 15:19:05', 'y', 'user'),
	(46, 'ppp', 'p', '1234', 'p@p.com', '2017-11-22 15:26:43', 'y', 'user'),
	(47, 'ooo', 'o', 'oo', 'o@naver.com', '2017-11-22 15:27:34', 'y', 'user'),
	(48, 'lll', 'l', 'l', 'l@naver.com', '2017-11-22 15:33:16', 'y', 'user'),
	(49, 'vvv', 'v', 'v', 'v@v.com', '2017-11-22 15:35:51', 'y', 'user'),
	(50, 'rrr', 'r', 'r', 'rr@naver.com', '2017-11-22 15:41:11', 'y', 'user'),
	(51, 'hhh', 'h', 'h', 'h@h.com', '2017-11-22 15:42:33', 'y', 'user'),
	(52, 'eee', 'e', 'e', 'e@e.com', '2017-11-22 15:44:20', 'y', 'user'),
	(53, 'www', 'w', 'w', 'w@w.com', '2017-11-22 15:45:15', 'y', 'user'),
	(54, 'xxx', 'x', 'x', 'x@x.com', '2017-11-22 15:48:00', 'y', 'user'),
	(55, 'bbb', 'b', 'b', 'b@b.com', '2017-11-22 15:49:00', 'y', 'user'),
	(56, 'nnn', 'n', 'n', 'n@n.com', '2017-11-22 15:50:00', 'y', 'user'),
	(57, 'jjj', 'j', 'j', 'j@j.com', '2017-11-22 15:50:54', 'y', 'user'),
	(58, 'ggg', 'g', 'g', 'g@g.com', '2017-11-22 15:52:27', 'y', 'user'),
	(59, 'w', 'w', 'w', 'w@w.com', '2017-11-22 15:53:26', 'y', 'user'),
	(60, 'e', 'e', 'e', 'e@e.com', '2017-11-22 15:55:11', 'y', 'user'),
	(61, 't', 't', 'tt', 't@t.com', '2017-11-22 15:56:55', 'y', 'user'),
	(62, 'y', 'y', 'y', 'y@y.com', '2017-11-22 15:59:14', 'y', 'user'),
	(63, 'u', 'u', 'uu', 'u@u.com', '2017-11-22 15:59:32', 'y', 'user'),
	(64, 'qwe', 'name', '123', 'nn@nn.nn', '2017-11-23 09:42:44', 'y', 'user'),
	(65, 'qwer', 'name', '123', 'qwe@qs.as', '2017-11-23 09:46:27', 'y', 'user'),
	(66, 'ㅂㅈㄷ', 'name', '123', 'mm@mm.mm', '2017-11-23 09:50:58', 'y', 'user'),
	(67, 'qweq', 'qwe', '123', 'mm@mm.mm', '2017-11-23 09:51:37', 'y', 'user'),
	(68, 'QWERR', 'name', '123', 'mm@mm.mm', '2017-11-23 09:54:13', 'y', 'user'),
	(69, 'sanic', 'SG', 'gofast', 'vega@twitter.com', '2017-11-23 09:57:41', 'y', 'user'),
	(72, 'qwe1', 'qwe', 'aaaaaaaaaaaaaaaaaaaaaaaaaaaaaaaaaaaaaaaaaaaaaaaaaa', 'asd@as.asd', '2017-11-23 10:48:34', 'y', 'user'),
	(73, 'tkstjd9216', '124', '1234', 'tkstjd9216@naver.com', '2017-11-23 14:20:30', 'y', 'user'),
	(74, 'tkstjd9213', '124', '124', 'tkstjd9216@naver.com', '2017-11-23 14:25:19', 'y', 'user'),
	(75, '123456', 'kwj', '1234', 'kwj@naver.com', '2017-11-23 16:17:08', 'y', 'user'),
	(76, '1234567', 'kwj', '123456', 'kwj@daum.net', '2017-11-23 16:17:41', 'y', 'user'),
	(77, 'hi', '하이', '123', 'qwe@ad.com', '2017-11-29 10:53:57', 'n', 'user'),
	(78, 'h2', 'qwe', '123', 'qwe@qwe.qwe', '2017-11-29 10:58:05', 'y', 'user'),
	(79, 'spagonia', 'JSY', '1234', 'jdk@naver.com', '2017-11-29 11:16:19', 'y', 'user'),
	(80, 'asdf', 'dsadsa', '1234', 'ojun321@naver.com', '2018-01-04 09:45:37', 'y', 'user'),
	(81, 'ojun321', '승준', '1234', 'ojun320@naver.com', '2018-01-10 11:05:15', 'y', 'user'),
	(82, 'test111', 'test111', '111', 'test@gmail.com', '2018-01-25 18:39:34', 'y', 'user'),
	(83, 'awqerwq', 'adsf', '1234', 'wefw@sadfasd.dsac', '2018-01-29 10:11:53', 'y', 'user'),
	(84, 'asdfs', 'dafsd', '1234', 'afs@sda.com', '2018-02-01 10:06:24', 'y', 'user'),
	(85, 'kiyoon', '기윤', '1234', 'kiyoon1008@nate.com', '2018-02-01 10:09:18', 'y', 'user');
/*!40000 ALTER TABLE `user` ENABLE KEYS */;

-- 테이블 trois.work 구조 내보내기
CREATE TABLE IF NOT EXISTS `work` (
  `no` int(11) NOT NULL AUTO_INCREMENT COMMENT '사용중인 도구 증가',
  `ws_no` int(11) NOT NULL COMMENT '작업내역번호',
  `class1` varchar(20) NOT NULL COMMENT '이미지 이름',
  `src` varchar(50) NOT NULL COMMENT '쓰여진 이미지 주소값',
  `indexs` int(11) NOT NULL COMMENT '이미지가 있는 위치',
  `date` datetime NOT NULL COMMENT '등록한 날짜',
  PRIMARY KEY (`no`)
) ENGINE=InnoDB AUTO_INCREMENT=1330 DEFAULT CHARSET=utf8 COMMENT='작업도구좌표내역';

-- 테이블 데이터 trois.work:~468 rows (대략적) 내보내기
/*!40000 ALTER TABLE `work` DISABLE KEYS */;
INSERT INTO `work` (`no`, `ws_no`, `class1`, `src`, `indexs`, `date`) VALUES
	(29, 2, 'image40', 'resources/img/wall/wall5.png', 12, '2017-11-08 16:54:56'),
	(30, 2, 'image40', 'resources/img/wall/wall5.png', 13, '2017-11-08 16:54:56'),
	(31, 2, 'image40', 'resources/img/wall/wall5.png', 14, '2017-11-08 16:54:56'),
	(32, 3, 'image97', 'resources/img/door/door3.png', 0, '2017-11-08 16:55:24'),
	(33, 3, 'image48', 'resources/img/refrigerator/refrigerator2.png', 28, '2017-11-08 16:55:24'),
	(34, 3, 'image53', 'resources/img/refrigerator/refrigerator7.png', 54, '2017-11-08 16:55:24'),
	(35, 4, 'image95', 'resources/img/wall/wall2.png', 12, '2017-11-08 16:55:49'),
	(36, 4, 'image40', 'resources/img/wall/wall9.png', 0, '2017-11-08 16:55:49'),
	(37, 4, 'image95', 'resources/img/wall/wall2.png', 24, '2017-11-08 16:55:49'),
	(38, 4, 'image23', 'resources/img/chair/chair9.png', 25, '2017-11-08 16:55:49'),
	(39, 4, 'image26', 'resources/img/table/table2.png', 26, '2017-11-08 16:55:49'),
	(40, 4, 'image37', 'resources/img/sofa/sofa5.png', 28, '2017-11-08 16:55:49'),
	(41, 4, 'image44', 'resources/img/piano/piano2.png', 30, '2017-11-08 16:55:49'),
	(42, 4, 'image62', 'resources/img/washingmachine/washingmachine6.png', 83, '2017-11-08 16:55:49'),
	(43, 5, 'image40', 'resources/img/wall/wall11.png', 56, '2017-11-08 16:56:09'),
	(44, 5, 'image97', 'resources/img/door/door3.png', 55, '2017-11-08 16:56:09'),
	(45, 6, 'image40', 'resources/img/wall/wall6.png', 0, '2017-11-08 16:56:20'),
	(46, 6, 'image17', 'resources/img/chair/chair3.png', 25, '2017-11-08 16:56:20'),
	(49, 8, 'image86', 'resources/img/wardrobe/wardrobe4.png', 25, '2017-11-08 16:56:42'),
	(50, 9, 'image56', 'resources/img/refrigerator/refrigerator10.png', 26, '2017-11-08 16:56:57'),
	(51, 9, 'image76', 'resources/img/dresser/dresser3.png', 30, '2017-11-08 16:56:57'),
	(52, 9, 'image93', 'resources/img/dressingtable/dressingtable4.png', 43, '2017-11-08 16:56:57'),
	(53, 10, 'image79', 'resources/img/dresser/dresser6.png', 37, '2017-11-08 16:57:11'),
	(54, 10, 'image92', 'resources/img/dressingtable/dressingtable3.png', 40, '2017-11-08 16:57:11'),
	(56, 12, 'image20', 'resources/img/chair/chair6.png', 38, '2017-11-08 16:57:43'),
	(57, 12, 'image49', 'resources/img/refrigerator/refrigerator3.png', 41, '2017-11-08 16:57:43'),
	(58, 12, 'image69', 'resources/img/diningtable/diningtable3.png', 43, '2017-11-08 16:57:43'),
	(85, 13, 'image20', 'resources/img/chair/chair6.png', 37, '2017-11-08 16:59:15'),
	(86, 14, 'image40', 'resources/img/wall/wall9.png', 13, '2017-11-08 16:59:46'),
	(87, 15, 'image23', 'resources/img/chair/chair9.png', 28, '2017-11-08 17:00:15'),
	(88, 16, 'image11', 'resources/img/bed/bed3.png', 25, '2017-11-08 17:00:45'),
	(89, 17, 'image97', 'resources/img/door/door3.png', 0, '2017-11-08 17:00:58'),
	(90, 18, 'image23', 'resources/img/chair/chair9.png', 26, '2017-11-08 17:01:19'),
	(91, 7, 'image27', 'resources/img/table/table5.png', 25, '2017-11-08 17:01:37'),
	(92, 7, 'image42', 'resources/img/sofa/sofa10.png', 28, '2017-11-08 17:01:37'),
	(93, 19, 'image95', 'resources/img/wall/wall2.png', 0, '2017-11-08 18:29:09'),
	(94, 19, 'image95', 'resources/img/wall/wall2.png', 12, '2017-11-08 18:29:09'),
	(95, 19, 'image40', 'resources/img/wall/wall10.png', 24, '2017-11-08 18:29:09'),
	(96, 19, 'image94', 'resources/img/wall/wall1.png', 25, '2017-11-08 18:29:09'),
	(97, 19, 'image40', 'resources/img/wall/wall11.png', 26, '2017-11-08 18:29:09'),
	(98, 19, 'image96', 'resources/img/door/door1.png', 14, '2017-11-08 18:29:09'),
	(99, 19, 'image95', 'resources/img/wall/wall2.png', 2, '2017-11-08 18:29:09'),
	(110, 20, 'image95', 'resources/img/wall/wall2.png', 0, '2017-11-09 10:09:28'),
	(111, 20, 'image95', 'resources/img/wall/wall2.png', 12, '2017-11-09 10:09:28'),
	(112, 20, 'image95', 'resources/img/wall/wall2.png', 24, '2017-11-09 10:09:28'),
	(113, 20, 'image40', 'resources/img/wall/wall10.png', 36, '2017-11-09 10:09:28'),
	(114, 20, 'image40', 'resources/img/wall/wall11.png', 39, '2017-11-09 10:09:28'),
	(115, 20, 'image96', 'resources/img/door/door1.png', 27, '2017-11-09 10:09:28'),
	(116, 20, 'image95', 'resources/img/wall/wall2.png', 15, '2017-11-09 10:09:28'),
	(117, 20, 'image95', 'resources/img/wall/wall2.png', 3, '2017-11-09 10:09:28'),
	(118, 20, 'image94', 'resources/img/wall/wall1.png', 37, '2017-11-09 10:09:28'),
	(119, 20, 'image94', 'resources/img/wall/wall1.png', 38, '2017-11-09 10:09:28'),
	(120, 20, 'image16', 'resources/img/chair/chair2.png', 52, '2017-11-09 10:09:28'),
	(121, 20, 'image16', 'resources/img/chair/chair2.png', 53, '2017-11-09 10:09:28'),
	(122, 21, 'image95', 'resources/img/wall/wall2.png', 0, '2017-11-09 10:12:41'),
	(123, 21, 'image23', 'resources/img/chair/chair9.png', 13, '2017-11-09 10:12:41'),
	(124, 21, 'image35', 'resources/img/sofa/sofa3.png', 2, '2017-11-09 10:12:41'),
	(125, 21, 'image49', 'resources/img/refrigerator/refrigerator3.png', 16, '2017-11-09 10:12:41'),
	(126, 22, 'image64', 'resources/img/washingmachine/washingmachine8.png', 14, '2017-11-09 10:12:57'),
	(127, 23, 'image20', 'resources/img/chair/chair6.png', 25, '2017-11-09 10:13:11'),
	(128, 24, 'image56', 'resources/img/refrigerator/refrigerator10.png', 14, '2017-11-09 10:13:29'),
	(129, 25, 'image23', 'resources/img/chair/chair9.png', 13, '2017-11-09 10:13:40'),
	(130, 25, 'image30', 'resources/img/table/table7.png', 15, '2017-11-09 10:13:40'),
	(131, 11, 'image30', 'resources/img/table/table7.png', 38, '2017-11-09 10:17:58'),
	(132, 26, 'image94', 'resources/img/wall/wall1.png', 0, '2017-11-09 10:56:55'),
	(133, 27, 'image30', 'resources/img/table/table7.png', 48, '2017-11-09 10:57:11'),
	(136, 28, 'image40', 'resources/img/wall/wall8.png', 29, '2017-11-09 10:57:20'),
	(137, 28, 'image40', 'resources/img/wall/wall10.png', 41, '2017-11-09 10:57:20'),
	(138, 28, 'image40', 'resources/img/wall/wall8.png', 52, '2017-11-09 10:57:20'),
	(142, 29, 'image95', 'resources/img/wall/wall2.png', 0, '2017-11-09 12:07:17'),
	(143, 29, 'image95', 'resources/img/wall/wall2.png', 12, '2017-11-09 12:07:17'),
	(144, 29, 'image10', 'resources/img/bed/bed2.png', 1, '2017-11-09 12:07:17'),
	(145, 29, 'image40', 'resources/img/wall/wall10.png', 24, '2017-11-09 12:07:17'),
	(146, 29, 'image94', 'resources/img/wall/wall1.png', 25, '2017-11-09 12:07:17'),
	(147, 30, 'image95', 'resources/img/wall/wall2.png', 0, '2017-11-09 12:13:13'),
	(148, 30, 'image95', 'resources/img/wall/wall2.png', -1, '2017-11-09 12:13:13'),
	(149, 30, 'image40', 'resources/img/wall/wall9.png', -1, '2017-11-09 12:13:13'),
	(150, 30, 'image97', 'resources/img/door/door3.png', -1, '2017-11-09 12:13:13'),
	(151, 31, 'image95', 'resources/img/wall/wall2.png', 27, '2017-11-21 15:30:45'),
	(152, 31, 'image94', 'resources/img/wall/wall1.png', 15, '2017-11-21 15:30:45'),
	(153, 31, 'image40', 'resources/img/wall/wall3.png', 39, '2017-11-21 15:30:45'),
	(154, 31, 'image40', 'resources/img/wall/wall9.png', 38, '2017-11-21 15:30:45'),
	(155, 31, 'image30', 'resources/img/table/table7.png', 26, '2017-11-21 15:30:45'),
	(156, 31, 'image56', 'resources/img/refrigerator/refrigerator10.png', 37, '2017-11-21 15:30:45'),
	(157, 31, 'image53', 'resources/img/refrigerator/refrigerator7.png', 13, '2017-11-21 15:30:45'),
	(158, 31, 'image66', 'resources/img/washingmachine/washingmachine10.png', 41, '2017-11-21 15:30:45'),
	(159, 31, 'image69', 'resources/img/diningtable/diningtable3.png', -1, '2017-11-21 15:30:45'),
	(160, 31, 'image76', 'resources/img/dresser/dresser3.png', 29, '2017-11-21 15:30:45'),
	(161, 31, 'image82', 'resources/img/dresser/dresser9.png', 25, '2017-11-21 15:30:45'),
	(162, 31, 'image93', 'resources/img/dressingtable/dressingtable4.png', 63, '2017-11-21 15:30:45'),
	(186, 32, 'image40', 'resources/img/wall/wall10.png', 60, '2017-11-21 15:46:45'),
	(187, 32, 'image94', 'resources/img/wall/wall1.png', 61, '2017-11-21 15:46:45'),
	(188, 32, 'image95', 'resources/img/wall/wall2.png', 48, '2017-11-21 15:46:45'),
	(189, 32, 'image95', 'resources/img/wall/wall2.png', 36, '2017-11-21 15:46:45'),
	(190, 32, 'image95', 'resources/img/wall/wall2.png', 24, '2017-11-21 15:46:45'),
	(191, 32, 'image94', 'resources/img/wall/wall1.png', 13, '2017-11-21 15:46:45'),
	(192, 32, 'image40', 'resources/img/wall/wall9.png', 12, '2017-11-21 15:46:45'),
	(193, 32, 'image95', 'resources/img/wall/wall2.png', 26, '2017-11-21 15:46:45'),
	(194, 32, 'image40', 'resources/img/wall/wall8.png', 14, '2017-11-21 15:46:45'),
	(195, 32, 'image40', 'resources/img/wall/wall11.png', 62, '2017-11-21 15:46:45'),
	(196, 32, 'image40', 'resources/img/wall/wall3.png', 50, '2017-11-21 15:46:45'),
	(197, 32, 'image95', 'resources/img/wall/wall2.png', 38, '2017-11-21 15:46:45'),
	(198, 32, 'image94', 'resources/img/wall/wall1.png', 15, '2017-11-21 15:46:45'),
	(199, 32, 'image94', 'resources/img/wall/wall1.png', 16, '2017-11-21 15:46:45'),
	(200, 32, 'image94', 'resources/img/wall/wall1.png', 17, '2017-11-21 15:46:45'),
	(201, 32, 'image40', 'resources/img/wall/wall6.png', 18, '2017-11-21 15:46:45'),
	(202, 32, 'image40', 'resources/img/wall/wall6.png', 30, '2017-11-21 15:46:45'),
	(203, 32, 'image40', 'resources/img/wall/wall6.png', 43, '2017-11-21 15:46:45'),
	(204, 32, 'image40', 'resources/img/wall/wall4.png', 41, '2017-11-21 15:46:45'),
	(205, 32, 'image40', 'resources/img/wall/wall7.png', 42, '2017-11-21 15:46:45'),
	(206, 32, 'image40', 'resources/img/wall/wall5.png', 29, '2017-11-21 15:46:45'),
	(207, 33, 'image86', 'resources/img/wardrobe/wardrobe4.png', 0, '2017-11-21 15:49:22'),
	(208, 33, 'image86', 'resources/img/wardrobe/wardrobe4.png', 1, '2017-11-21 15:49:22'),
	(209, 33, 'image81', 'resources/img/dresser/dresser8.png', 2, '2017-11-21 15:49:22'),
	(210, 33, 'image92', 'resources/img/dressingtable/dressingtable3.png', 13, '2017-11-21 15:49:22'),
	(211, 33, 'image84', 'resources/img/wardrobe/wardrobe2.png', 12, '2017-11-21 15:49:22'),
	(212, 33, 'image87', 'resources/img/wardrobe/wardrobe5.png', 14, '2017-11-21 15:49:22'),
	(213, 34, 'image97', 'resources/img/door/door3.png', 26, '2017-11-21 15:49:46'),
	(214, 34, 'image97', 'resources/img/door/door3.png', 27, '2017-11-21 15:49:46'),
	(215, 35, 'image68', 'resources/img/diningtable/diningtable2.png', 37, '2017-11-21 16:33:24'),
	(216, 35, 'image64', 'resources/img/washingmachine/washingmachine8.png', 38, '2017-11-21 16:33:24'),
	(217, 36, 'image95', 'resources/img/wall/wall2.png', 3, '2017-11-21 16:48:21'),
	(219, 37, 'image94', 'resources/img/wall/wall1.png', 12, '2017-11-21 16:53:00'),
	(220, 37, 'image94', 'resources/img/wall/wall1.png', 13, '2017-11-21 16:53:00'),
	(221, 37, 'image94', 'resources/img/wall/wall1.png', 14, '2017-11-21 16:53:00'),
	(222, 37, 'image94', 'resources/img/wall/wall1.png', 0, '2017-11-21 16:53:00'),
	(223, 37, 'image94', 'resources/img/wall/wall1.png', 1, '2017-11-21 16:53:00'),
	(224, 37, 'image94', 'resources/img/wall/wall1.png', 2, '2017-11-21 16:53:00'),
	(225, 37, 'image94', 'resources/img/wall/wall1.png', 4, '2017-11-21 16:53:00'),
	(226, 37, 'image40', 'resources/img/wall/wall3.png', 3, '2017-11-21 16:53:00'),
	(227, 37, 'image40', 'resources/img/wall/wall3.png', 15, '2017-11-21 16:53:00'),
	(228, 37, 'image40', 'resources/img/wall/wall3.png', 27, '2017-11-21 16:53:00'),
	(229, 37, 'image40', 'resources/img/wall/wall3.png', 28, '2017-11-21 16:53:00'),
	(230, 37, 'image40', 'resources/img/wall/wall3.png', 16, '2017-11-21 16:53:00'),
	(231, 37, 'image40', 'resources/img/wall/wall3.png', 26, '2017-11-21 16:53:00'),
	(232, 37, 'image40', 'resources/img/wall/wall3.png', 38, '2017-11-21 16:53:00'),
	(233, 37, 'image40', 'resources/img/wall/wall3.png', 39, '2017-11-21 16:53:00'),
	(234, 37, 'image13', 'resources/img/bed/bed5.png', -1, '2017-11-21 16:53:00'),
	(235, 37, 'image12', 'resources/img/bed/bed4.png', 25, '2017-11-21 16:53:00'),
	(236, 37, 'image16', 'resources/img/chair/chair2.png', 24, '2017-11-21 16:53:00'),
	(237, 37, 'image44', 'resources/img/piano/piano2.png', -1, '2017-11-21 16:53:00'),
	(238, 37, 'image44', 'resources/img/piano/piano2.png', 36, '2017-11-21 16:53:00'),
	(239, 37, 'image44', 'resources/img/piano/piano2.png', 37, '2017-11-21 16:53:00'),
	(240, 37, 'image44', 'resources/img/piano/piano2.png', -1, '2017-11-21 16:53:00'),
	(244, 38, 'image97', 'resources/img/door/door3.png', 50, '2017-11-22 15:39:12'),
	(245, 38, 'image40', 'resources/img/wall/wall9.png', 27, '2017-11-22 15:39:12'),
	(313, 39, 'image95', 'resources/img/wall/wall2.png', 55, '2017-11-23 09:59:31'),
	(314, 39, 'image40', 'resources/img/wall/wall9.png', 30, '2017-11-23 09:59:31'),
	(315, 39, 'image95', 'resources/img/wall/wall2.png', 17, '2017-11-23 09:59:31'),
	(316, 39, 'image97', 'resources/img/door/door3.png', 65, '2017-11-23 09:59:31'),
	(317, 39, 'image40', 'resources/img/wall/wall11.png', 69, '2017-11-23 09:59:31'),
	(318, 39, 'image40', 'resources/img/wall/wall6.png', 38, '2017-11-23 09:59:31'),
	(319, 39, 'image94', 'resources/img/wall/wall1.png', 39, '2017-11-23 09:59:31'),
	(320, 39, 'image94', 'resources/img/wall/wall1.png', 26, '2017-11-23 09:59:31'),
	(321, 39, 'image95', 'resources/img/wall/wall2.png', 24, '2017-11-23 09:59:31'),
	(322, 39, 'image95', 'resources/img/wall/wall2.png', 25, '2017-11-23 09:59:31'),
	(323, 39, 'image20', 'resources/img/chair/chair6.png', 14, '2017-11-23 09:59:31'),
	(324, 39, 'image27', 'resources/img/table/table5.png', -1, '2017-11-23 09:59:31'),
	(325, 39, 'image27', 'resources/img/table/table5.png', 62, '2017-11-23 09:59:31'),
	(326, 39, 'image26', 'resources/img/table/table2.png', 74, '2017-11-23 09:59:31'),
	(327, 39, 'image44', 'resources/img/piano/piano2.png', 60, '2017-11-23 09:59:31'),
	(328, 39, 'image46', 'resources/img/TV/TV2.png', 31, '2017-11-23 09:59:31'),
	(329, 39, 'image53', 'resources/img/refrigerator/refrigerator7.png', -1, '2017-11-23 09:59:31'),
	(330, 39, 'image49', 'resources/img/refrigerator/refrigerator3.png', 48, '2017-11-23 09:59:31'),
	(331, 39, 'image68', 'resources/img/diningtable/diningtable2.png', 12, '2017-11-23 09:59:31'),
	(332, 39, 'image11', 'resources/img/bed/bed3.png', -1, '2017-11-23 09:59:31'),
	(333, 39, 'image14', 'resources/img/bed/bed6.png', 51, '2017-11-23 09:59:31'),
	(334, 39, 'image11', 'resources/img/bed/bed3.png', 52, '2017-11-23 09:59:31'),
	(335, 39, 'image40', 'resources/img/wall/wall9.png', 15, '2017-11-23 09:59:31'),
	(449, 40, 'image95', 'resources/img/wall/wall2.png', 26, '2017-11-23 10:02:44'),
	(450, 40, 'image17', 'resources/img/chair/chair3.png', 51, '2017-11-23 10:02:44'),
	(451, 40, 'image17', 'resources/img/chair/chair3.png', 25, '2017-11-23 10:02:44'),
	(452, 40, 'image20', 'resources/img/chair/chair6.png', 48, '2017-11-23 10:02:44'),
	(453, 40, 'image30', 'resources/img/table/table7.png', 50, '2017-11-23 10:02:44'),
	(454, 40, 'image27', 'resources/img/table/table5.png', 40, '2017-11-23 10:02:44'),
	(455, 40, 'image26', 'resources/img/table/table2.png', 17, '2017-11-23 10:02:44'),
	(456, 40, 'image20', 'resources/img/chair/chair6.png', 74, '2017-11-23 10:02:44'),
	(457, 40, 'image23', 'resources/img/chair/chair9.png', 64, '2017-11-23 10:02:44'),
	(458, 40, 'image19', 'resources/img/chair/chair5.png', 65, '2017-11-23 10:02:44'),
	(459, 40, 'image97', 'resources/img/door/door2.png', 54, '2017-11-23 10:02:44'),
	(460, 40, 'image97', 'resources/img/door/door3.png', 31, '2017-11-23 10:02:44'),
	(461, 40, 'image44', 'resources/img/piano/piano2.png', 38, '2017-11-23 10:02:44'),
	(462, 40, 'image44', 'resources/img/piano/piano2.png', 61, '2017-11-23 10:02:44'),
	(463, 40, 'image10', 'resources/img/bed/bed2.png', 63, '2017-11-23 10:02:44'),
	(464, 40, 'image9', 'resources/img/bed/bed1.png', 62, '2017-11-23 10:02:44'),
	(465, 40, 'image11', 'resources/img/bed/bed3.png', 52, '2017-11-23 10:02:44'),
	(466, 40, 'image12', 'resources/img/bed/bed4.png', 67, '2017-11-23 10:02:44'),
	(467, 40, 'image9', 'resources/img/bed/bed1.png', 68, '2017-11-23 10:02:44'),
	(468, 40, 'image10', 'resources/img/bed/bed2.png', 44, '2017-11-23 10:02:44'),
	(469, 40, 'image38', 'resources/img/sofa/sofa6.png', 57, '2017-11-23 10:02:44'),
	(470, 40, 'image48', 'resources/img/refrigerator/refrigerator2.png', 56, '2017-11-23 10:02:44'),
	(471, 40, 'image49', 'resources/img/refrigerator/refrigerator3.png', 45, '2017-11-23 10:02:44'),
	(472, 42, 'image20', 'resources/img/chair/chair6.png', 53, '2017-11-23 10:03:21'),
	(473, 42, 'image14', 'resources/img/bed/bed6.png', 40, '2017-11-23 10:03:21'),
	(474, 42, 'image11', 'resources/img/bed/bed3.png', 29, '2017-11-23 10:03:21'),
	(475, 42, 'image10', 'resources/img/bed/bed2.png', 28, '2017-11-23 10:03:21'),
	(476, 42, 'image13', 'resources/img/bed/bed5.png', 52, '2017-11-23 10:03:21'),
	(477, 42, 'image9', 'resources/img/bed/bed1.png', 26, '2017-11-23 10:03:21'),
	(478, 42, 'image12', 'resources/img/bed/bed4.png', 37, '2017-11-23 10:03:21'),
	(479, 42, 'image13', 'resources/img/bed/bed5.png', -1, '2017-11-23 10:03:21'),
	(480, 42, 'image30', 'resources/img/table/table7.png', 62, '2017-11-23 10:03:21'),
	(481, 42, 'image29', 'resources/img/table/table6.png', 63, '2017-11-23 10:03:21'),
	(482, 42, 'image25', 'resources/img/table/table1.png', 64, '2017-11-23 10:03:21'),
	(483, 42, 'image35', 'resources/img/sofa/sofa3.png', 67, '2017-11-23 10:03:21'),
	(517, 41, 'image40', 'resources/img/wall/wall9.png', 0, '2017-11-23 10:55:37'),
	(518, 41, 'image40', 'resources/img/wall/wall8.png', 3, '2017-11-23 10:55:37'),
	(519, 41, 'image94', 'resources/img/wall/wall1.png', 1, '2017-11-23 10:55:37'),
	(520, 41, 'image94', 'resources/img/wall/wall1.png', 2, '2017-11-23 10:55:37'),
	(521, 41, 'image95', 'resources/img/wall/wall2.png', 12, '2017-11-23 10:55:37'),
	(522, 41, 'image95', 'resources/img/wall/wall2.png', 15, '2017-11-23 10:55:37'),
	(523, 41, 'image40', 'resources/img/wall/wall10.png', 27, '2017-11-23 10:55:37'),
	(524, 41, 'image94', 'resources/img/wall/wall1.png', 28, '2017-11-23 10:55:37'),
	(525, 41, 'image40', 'resources/img/wall/wall8.png', 29, '2017-11-23 10:55:37'),
	(526, 41, 'image95', 'resources/img/wall/wall2.png', 41, '2017-11-23 10:55:37'),
	(527, 41, 'image95', 'resources/img/wall/wall2.png', 53, '2017-11-23 10:55:37'),
	(528, 41, 'image40', 'resources/img/wall/wall10.png', 48, '2017-11-23 10:55:37'),
	(529, 41, 'image40', 'resources/img/wall/wall8.png', 51, '2017-11-23 10:55:37'),
	(530, 41, 'image40', 'resources/img/wall/wall10.png', 63, '2017-11-23 10:55:37'),
	(531, 41, 'image94', 'resources/img/wall/wall1.png', 64, '2017-11-23 10:55:37'),
	(532, 41, 'image40', 'resources/img/wall/wall11.png', 65, '2017-11-23 10:55:37'),
	(533, 41, 'image95', 'resources/img/wall/wall2.png', 36, '2017-11-23 10:55:37'),
	(534, 41, 'image95', 'resources/img/wall/wall2.png', 24, '2017-11-23 10:55:37'),
	(535, 41, 'image94', 'resources/img/wall/wall1.png', 49, '2017-11-23 10:55:38'),
	(536, 41, 'image96', 'resources/img/door/door1.png', 50, '2017-11-23 10:55:38'),
	(537, 41, 'image11', 'resources/img/bed/bed3.png', 52, '2017-11-23 10:55:38'),
	(538, 41, 'image27', 'resources/img/table/table5.png', 25, '2017-11-23 10:55:38'),
	(539, 41, 'image55', 'resources/img/refrigerator/refrigerator9.png', 13, '2017-11-23 10:55:38'),
	(540, 41, 'image86', 'resources/img/wardrobe/wardrobe4.png', 40, '2017-11-23 10:55:38'),
	(541, 41, 'image97', 'resources/img/door/door3.png', -1, '2017-11-23 10:55:38'),
	(563, 43, 'image17', 'resources/img/chair/chair3.png', 52, '2017-11-23 11:02:54'),
	(564, 43, 'image11', 'resources/img/bed/bed3.png', 53, '2017-11-23 11:02:54'),
	(565, 43, 'image10', 'resources/img/bed/bed2.png', 51, '2017-11-23 11:02:54'),
	(566, 43, 'image27', 'resources/img/table/table5.png', 64, '2017-11-23 11:02:54'),
	(567, 43, 'image30', 'resources/img/table/table7.png', 41, '2017-11-23 11:02:54'),
	(568, 43, 'image56', 'resources/img/refrigerator/refrigerator10.png', -1, '2017-11-23 11:02:55'),
	(569, 43, 'image14', 'resources/img/bed/bed6.png', -1, '2017-11-23 11:02:55'),
	(570, 43, 'image97', 'resources/img/door/door3.png', -1, '2017-11-23 11:02:55'),
	(785, 44, 'image40', 'resources/img/wall/wall5.png', 14, '2017-11-23 11:06:47'),
	(786, 44, 'image40', 'resources/img/wall/wall5.png', 3, '2017-11-23 11:06:47'),
	(787, 44, 'image40', 'resources/img/wall/wall7.png', 15, '2017-11-23 11:06:47'),
	(788, 44, 'image40', 'resources/img/wall/wall6.png', 4, '2017-11-23 11:06:47'),
	(789, 44, 'image95', 'resources/img/wall/wall2.png', 28, '2017-11-23 11:06:47'),
	(790, 44, 'image95', 'resources/img/wall/wall2.png', 26, '2017-11-23 11:06:47'),
	(791, 44, 'image40', 'resources/img/wall/wall11.png', 29, '2017-11-23 11:06:47'),
	(792, 44, 'image40', 'resources/img/wall/wall5.png', 49, '2017-11-23 11:06:47'),
	(793, 44, 'image95', 'resources/img/wall/wall2.png', 61, '2017-11-23 11:06:47'),
	(794, 44, 'image40', 'resources/img/wall/wall10.png', 73, '2017-11-23 11:06:47'),
	(795, 44, 'image94', 'resources/img/wall/wall1.png', 74, '2017-11-23 11:06:48'),
	(796, 44, 'image94', 'resources/img/wall/wall1.png', 75, '2017-11-23 11:06:48'),
	(797, 44, 'image40', 'resources/img/wall/wall11.png', 76, '2017-11-23 11:06:48'),
	(798, 44, 'image17', 'resources/img/chair/chair3.png', 40, '2017-11-23 11:06:48'),
	(799, 44, 'image40', 'resources/img/wall/wall9.png', 27, '2017-11-23 11:06:48'),
	(800, 44, 'image40', 'resources/img/wall/wall9.png', 38, '2017-11-23 11:06:48'),
	(801, 44, 'image40', 'resources/img/wall/wall9.png', 64, '2017-11-23 11:06:48'),
	(802, 44, 'image97', 'resources/img/door/door3.png', 63, '2017-11-23 11:06:48'),
	(803, 44, 'image95', 'resources/img/wall/wall2.png', 16, '2017-11-23 11:06:48'),
	(804, 44, 'image40', 'resources/img/wall/wall8.png', 17, '2017-11-23 11:06:48'),
	(805, 45, 'image40', 'resources/img/wall/wall9.png', 24, '2017-11-23 14:04:22'),
	(806, 45, 'image40', 'resources/img/wall/wall5.png', 12, '2017-11-23 14:04:22'),
	(807, 45, 'image40', 'resources/img/wall/wall6.png', 36, '2017-11-23 14:04:22'),
	(808, 45, 'image40', 'resources/img/wall/wall11.png', 37, '2017-11-23 14:04:22'),
	(850, 46, 'image40', 'resources/img/wall/wall9.png', 39, '2017-11-23 14:15:55'),
	(851, 46, 'image40', 'resources/img/wall/wall8.png', 2, '2017-11-23 14:15:55'),
	(852, 46, 'image40', 'resources/img/wall/wall4.png', 3, '2017-11-23 14:15:55'),
	(853, 46, 'image40', 'resources/img/wall/wall7.png', 15, '2017-11-23 14:15:55'),
	(854, 46, 'image40', 'resources/img/wall/wall8.png', -1, '2017-11-23 14:15:55'),
	(855, 46, 'image40', 'resources/img/wall/wall11.png', -1, '2017-11-23 14:15:55'),
	(856, 46, 'image97', 'resources/img/door/door4.png', -1, '2017-11-23 14:15:55'),
	(857, 46, 'image97', 'resources/img/door/door3.png', -1, '2017-11-23 14:15:55'),
	(858, 46, 'image97', 'resources/img/door/door2.png', -1, '2017-11-23 14:15:55'),
	(859, 46, 'image96', 'resources/img/door/door1.png', -1, '2017-11-23 14:15:55'),
	(917, 47, 'image40', 'resources/img/wall/wall8.png', 27, '2017-11-23 15:12:05'),
	(918, 47, 'image40', 'resources/img/wall/wall8.png', 28, '2017-11-23 15:12:05'),
	(919, 47, 'image40', 'resources/img/wall/wall8.png', 29, '2017-11-23 15:12:05'),
	(920, 47, 'image40', 'resources/img/wall/wall7.png', 51, '2017-11-23 15:12:05'),
	(921, 47, 'image40', 'resources/img/wall/wall8.png', -1, '2017-11-23 15:12:05'),
	(922, 47, 'image40', 'resources/img/wall/wall8.png', -1, '2017-11-23 15:12:05'),
	(923, 47, 'image40', 'resources/img/wall/wall8.png', -1, '2017-11-23 15:12:05'),
	(924, 48, 'image40', 'resources/img/wall/wall8.png', 38, '2017-11-23 15:12:39'),
	(925, 48, 'image40', 'resources/img/wall/wall8.png', 37, '2017-11-23 15:12:39'),
	(926, 48, 'image40', 'resources/img/wall/wall8.png', -1, '2017-11-23 15:12:39'),
	(927, 48, 'image40', 'resources/img/wall/wall7.png', -1, '2017-11-23 15:12:39'),
	(928, 48, 'image40', 'resources/img/wall/wall11.png', -1, '2017-11-23 15:12:39'),
	(929, 48, 'image97', 'resources/img/door/door4.png', -1, '2017-11-23 15:12:39'),
	(930, 48, 'image97', 'resources/img/door/door4.png', -1, '2017-11-23 15:12:39'),
	(940, 49, 'image94', 'resources/img/wall/wall1.png', 0, '2017-11-23 15:15:14'),
	(941, 49, 'image95', 'resources/img/wall/wall2.png', 12, '2017-11-23 15:15:14'),
	(942, 49, 'image95', 'resources/img/wall/wall2.png', -1, '2017-11-23 15:15:14'),
	(943, 49, 'image40', 'resources/img/wall/wall6.png', 24, '2017-11-23 15:15:14'),
	(944, 49, 'image40', 'resources/img/wall/wall9.png', -1, '2017-11-23 15:15:14'),
	(945, 49, 'image40', 'resources/img/wall/wall9.png', -1, '2017-11-23 15:15:14'),
	(946, 49, 'image40', 'resources/img/wall/wall11.png', -1, '2017-11-23 15:15:14'),
	(947, 49, 'image40', 'resources/img/wall/wall8.png', 26, '2017-11-23 15:15:14'),
	(948, 49, 'image40', 'resources/img/wall/wall11.png', -1, '2017-11-23 15:15:14'),
	(949, 49, 'image40', 'resources/img/wall/wall8.png', 36, '2017-11-23 15:15:14'),
	(950, 49, 'image97', 'resources/img/door/door2.png', -1, '2017-11-23 15:15:14'),
	(951, 50, 'image95', 'resources/img/wall/wall2.png', 12, '2017-11-23 15:32:18'),
	(952, 50, 'image95', 'resources/img/wall/wall2.png', -1, '2017-11-23 15:32:18'),
	(953, 50, 'image40', 'resources/img/wall/wall6.png', -1, '2017-11-23 15:32:18'),
	(954, 50, 'image95', 'resources/img/wall/wall2.png', 0, '2017-11-23 15:32:18'),
	(955, 50, 'image95', 'resources/img/wall/wall2.png', -1, '2017-11-23 15:32:18'),
	(956, 50, 'image40', 'resources/img/wall/wall6.png', -1, '2017-11-23 15:32:18'),
	(957, 50, 'image40', 'resources/img/wall/wall9.png', 24, '2017-11-23 15:32:18'),
	(958, 50, 'image40', 'resources/img/wall/wall8.png', -1, '2017-11-23 15:32:18'),
	(959, 50, 'image40', 'resources/img/wall/wall9.png', -1, '2017-11-23 15:32:18'),
	(960, 50, 'image95', 'resources/img/wall/wall2.png', 36, '2017-11-23 15:32:18'),
	(961, 50, 'image40', 'resources/img/wall/wall8.png', -1, '2017-11-23 15:32:18'),
	(962, 50, 'image95', 'resources/img/wall/wall2.png', -1, '2017-11-23 15:32:18'),
	(963, 50, 'image95', 'resources/img/wall/wall2.png', -1, '2017-11-23 15:32:18'),
	(964, 51, 'image95', 'resources/img/wall/wall2.png', 0, '2017-11-23 15:44:31'),
	(965, 51, 'image95', 'resources/img/wall/wall2.png', -1, '2017-11-23 15:44:31'),
	(966, 52, 'image95', 'resources/img/wall/wall2.png', 0, '2017-11-23 15:44:57'),
	(967, 52, 'image40', 'resources/img/wall/wall6.png', 13, '2017-11-23 15:44:57'),
	(968, 52, 'image40', 'resources/img/wall/wall5.png', 12, '2017-11-23 15:44:57'),
	(969, 52, 'image94', 'resources/img/wall/wall1.png', 1, '2017-11-23 15:44:57'),
	(974, 53, 'image95', 'resources/img/wall/wall2.png', 0, '2017-11-23 15:50:37'),
	(975, 53, 'image95', 'resources/img/wall/wall2.png', 12, '2017-11-23 15:50:37'),
	(976, 53, 'image40', 'resources/img/wall/wall8.png', -1, '2017-11-23 15:50:37'),
	(977, 53, 'image40', 'resources/img/wall/wall8.png', -1, '2017-11-23 15:50:37'),
	(978, 53, 'image40', 'resources/img/wall/wall8.png', -1, '2017-11-23 15:50:37'),
	(979, 53, 'image40', 'resources/img/wall/wall8.png', -1, '2017-11-23 15:50:37'),
	(1204, 54, 'image95', 'resources/img/wall/wall2.png', 12, '2017-11-23 17:38:36'),
	(1205, 54, 'image40', 'resources/img/wall/wall9.png', 24, '2017-11-23 17:38:36'),
	(1206, 54, 'image95', 'resources/img/wall/wall2.png', 0, '2017-11-23 17:38:36'),
	(1207, 54, 'image97', 'resources/img/door/door3.png', 36, '2017-11-23 17:38:36'),
	(1212, 55, 'image97', 'resources/img/door/door3.png', 49, '2017-11-27 15:19:11'),
	(1213, 55, 'image40', 'resources/img/wall/wall11.png', 50, '2017-11-27 15:19:11'),
	(1214, 56, 'image40', 'resources/img/wall/wall9.png', 1, '2017-11-29 10:13:40'),
	(1215, 56, 'image95', 'resources/img/wall/wall2.png', -1, '2017-11-29 10:13:40'),
	(1216, 56, 'image40', 'resources/img/wall/wall6.png', 13, '2017-11-29 10:13:40'),
	(1221, 57, 'image95', 'resources/img/wall/wall2.png', 15, '2017-11-29 10:56:04'),
	(1222, 57, 'image40', 'resources/img/wall/wall6.png', 13, '2017-11-29 10:56:04'),
	(1223, 57, 'image17', 'resources/img/chair/chair3.png', 52, '2017-11-29 10:56:04'),
	(1224, 57, 'image16', 'resources/img/chair/chair2.png', 50, '2017-11-29 10:56:04'),
	(1225, 57, 'image20', 'resources/img/chair/chair6.png', 39, '2017-11-29 10:56:04'),
	(1226, 57, 'image16', 'resources/img/chair/chair2.png', 51, '2017-11-29 10:56:04'),
	(1227, 57, 'image19', 'resources/img/chair/chair5.png', -1, '2017-11-29 10:56:04'),
	(1228, 57, 'image18', 'resources/img/chair/chair4.png', -1, '2017-11-29 10:56:04'),
	(1229, 57, 'image23', 'resources/img/chair/chair9.png', -1, '2017-11-29 10:56:04'),
	(1230, 58, 'image95', 'resources/img/wall/wall2.png', 74, '2017-11-29 11:07:30'),
	(1231, 58, 'image95', 'resources/img/wall/wall2.png', 62, '2017-11-29 11:07:30'),
	(1232, 58, 'image95', 'resources/img/wall/wall2.png', 50, '2017-11-29 11:07:30'),
	(1233, 58, 'image97', 'resources/img/door/door2.png', 38, '2017-11-29 11:07:30'),
	(1234, 58, 'image95', 'resources/img/wall/wall2.png', 26, '2017-11-29 11:07:30'),
	(1235, 58, 'image97', 'resources/img/door/door4.png', 13, '2017-11-29 11:07:30'),
	(1236, 58, 'image94', 'resources/img/wall/wall1.png', 12, '2017-11-29 11:07:30'),
	(1237, 58, 'image40', 'resources/img/wall/wall8.png', 14, '2017-11-29 11:07:31'),
	(1238, 58, 'image94', 'resources/img/wall/wall1.png', 15, '2017-11-29 11:07:31'),
	(1239, 58, 'image94', 'resources/img/wall/wall1.png', 17, '2017-11-29 11:07:31'),
	(1240, 58, 'image94', 'resources/img/wall/wall1.png', 18, '2017-11-29 11:07:31'),
	(1241, 58, 'image94', 'resources/img/wall/wall1.png', 19, '2017-11-29 11:07:31'),
	(1242, 58, 'image94', 'resources/img/wall/wall1.png', 20, '2017-11-29 11:07:31'),
	(1243, 58, 'image94', 'resources/img/wall/wall1.png', 21, '2017-11-29 11:07:31'),
	(1244, 58, 'image94', 'resources/img/wall/wall1.png', 22, '2017-11-29 11:07:31'),
	(1245, 58, 'image40', 'resources/img/wall/wall3.png', -1, '2017-11-29 11:07:31'),
	(1246, 58, 'image40', 'resources/img/wall/wall3.png', 16, '2017-11-29 11:07:31'),
	(1247, 58, 'image95', 'resources/img/wall/wall2.png', 28, '2017-11-29 11:07:31'),
	(1248, 58, 'image95', 'resources/img/wall/wall2.png', 40, '2017-11-29 11:07:31'),
	(1249, 58, 'image96', 'resources/img/door/door1.png', 52, '2017-11-29 11:07:31'),
	(1250, 58, 'image95', 'resources/img/wall/wall2.png', 64, '2017-11-29 11:07:31'),
	(1251, 58, 'image96', 'resources/img/door/door1.png', 75, '2017-11-29 11:07:31'),
	(1252, 58, 'image40', 'resources/img/wall/wall11.png', 76, '2017-11-29 11:07:31'),
	(1253, 58, 'image96', 'resources/img/door/door1.png', 48, '2017-11-29 11:07:31'),
	(1254, 58, 'image94', 'resources/img/wall/wall1.png', 49, '2017-11-29 11:07:31'),
	(1255, 58, 'image94', 'resources/img/wall/wall1.png', 77, '2017-11-29 11:07:31'),
	(1256, 58, 'image94', 'resources/img/wall/wall1.png', 78, '2017-11-29 11:07:31'),
	(1257, 58, 'image94', 'resources/img/wall/wall1.png', 79, '2017-11-29 11:07:31'),
	(1258, 58, 'image40', 'resources/img/wall/wall11.png', 83, '2017-11-29 11:07:31'),
	(1259, 58, 'image94', 'resources/img/wall/wall1.png', 80, '2017-11-29 11:07:31'),
	(1260, 58, 'image94', 'resources/img/wall/wall1.png', 81, '2017-11-29 11:07:31'),
	(1261, 58, 'image94', 'resources/img/wall/wall1.png', 82, '2017-11-29 11:07:31'),
	(1262, 58, 'image95', 'resources/img/wall/wall2.png', 71, '2017-11-29 11:07:31'),
	(1263, 58, 'image95', 'resources/img/wall/wall2.png', 59, '2017-11-29 11:07:31'),
	(1264, 58, 'image95', 'resources/img/wall/wall2.png', 47, '2017-11-29 11:07:31'),
	(1265, 58, 'image95', 'resources/img/wall/wall2.png', 35, '2017-11-29 11:07:31'),
	(1266, 58, 'image40', 'resources/img/wall/wall8.png', 23, '2017-11-29 11:07:31'),
	(1267, 58, 'image11', 'resources/img/bed/bed3.png', 34, '2017-11-29 11:07:31'),
	(1268, 58, 'image11', 'resources/img/bed/bed3.png', 33, '2017-11-29 11:07:31'),
	(1269, 58, 'image11', 'resources/img/bed/bed3.png', 45, '2017-11-29 11:07:31'),
	(1270, 58, 'image11', 'resources/img/bed/bed3.png', 46, '2017-11-29 11:07:31'),
	(1271, 58, 'image25', 'resources/img/table/table1.png', 29, '2017-11-29 11:07:31'),
	(1272, 58, 'image25', 'resources/img/table/table1.png', 41, '2017-11-29 11:07:31'),
	(1273, 58, 'image21', 'resources/img/chair/chair7.png', 30, '2017-11-29 11:07:31'),
	(1274, 58, 'image86', 'resources/img/wardrobe/wardrobe4.png', 70, '2017-11-29 11:07:31'),
	(1275, 58, 'image86', 'resources/img/wardrobe/wardrobe4.png', 69, '2017-11-29 11:07:31'),
	(1276, 58, 'image83', 'resources/img/wardrobe/wardrobe1.png', 67, '2017-11-29 11:07:31'),
	(1277, 58, 'image83', 'resources/img/wardrobe/wardrobe1.png', 66, '2017-11-29 11:07:31'),
	(1278, 58, 'image11', 'resources/img/bed/bed3.png', 32, '2017-11-29 11:07:31'),
	(1279, 58, 'image11', 'resources/img/bed/bed3.png', 44, '2017-11-29 11:07:31'),
	(1280, 58, 'image59', 'resources/img/washingmachine/washingmachine3.png', 61, '2017-11-29 11:07:31'),
	(1281, 58, 'image56', 'resources/img/refrigerator/refrigerator10.png', 27, '2017-11-29 11:07:31'),
	(1282, 81, 'image95', 'resources/img/wall/wall2.png', 16, '2018-01-10 11:06:09'),
	(1283, 82, 'image97', 'resources/img/door/door3.png', 0, '2018-01-10 11:06:38'),
	(1284, 82, 'image40', 'resources/img/wall/wall6.png', 15, '2018-01-10 11:06:38'),
	(1285, 83, 'image40', 'resources/img/wall/wall6.png', 18, '2018-01-10 11:07:08'),
	(1286, 83, 'image40', 'resources/img/wall/wall5.png', 33, '2018-01-10 11:07:08'),
	(1287, 1, 'image40', 'resources/img/wall/wall9.png', 0, '2018-01-10 16:36:27'),
	(1288, 1, 'image95', 'resources/img/wall/wall2.png', 36, '2018-01-10 16:36:27'),
	(1289, 1, 'image40', 'resources/img/wall/wall10.png', 48, '2018-01-10 16:36:27'),
	(1290, 1, 'image94', 'resources/img/wall/wall1.png', 1, '2018-01-10 16:36:27'),
	(1291, 1, 'image94', 'resources/img/wall/wall1.png', 2, '2018-01-10 16:36:27'),
	(1292, 1, 'image94', 'resources/img/wall/wall1.png', 3, '2018-01-10 16:36:27'),
	(1293, 1, 'image94', 'resources/img/wall/wall1.png', 4, '2018-01-10 16:36:27'),
	(1294, 1, 'image94', 'resources/img/wall/wall1.png', 5, '2018-01-10 16:36:27'),
	(1295, 1, 'image40', 'resources/img/wall/wall8.png', 6, '2018-01-10 16:36:27'),
	(1296, 1, 'image95', 'resources/img/wall/wall2.png', 18, '2018-01-10 16:36:27'),
	(1297, 1, 'image95', 'resources/img/wall/wall2.png', 30, '2018-01-10 16:36:27'),
	(1298, 1, 'image95', 'resources/img/wall/wall2.png', 42, '2018-01-10 16:36:27'),
	(1299, 1, 'image94', 'resources/img/wall/wall1.png', 49, '2018-01-10 16:36:27'),
	(1300, 1, 'image94', 'resources/img/wall/wall1.png', 50, '2018-01-10 16:36:27'),
	(1301, 1, 'image94', 'resources/img/wall/wall1.png', 51, '2018-01-10 16:36:27'),
	(1302, 1, 'image94', 'resources/img/wall/wall1.png', 52, '2018-01-10 16:36:27'),
	(1303, 1, 'image96', 'resources/img/door/door1.png', 54, '2018-01-10 16:36:27'),
	(1304, 1, 'image94', 'resources/img/wall/wall1.png', 53, '2018-01-10 16:36:27'),
	(1305, 1, 'image92', 'resources/img/dressingtable/dressingtable3.png', 17, '2018-01-10 16:36:27'),
	(1306, 1, 'image78', 'resources/img/dresser/dresser5.png', 39, '2018-01-10 16:36:27'),
	(1307, 1, 'image86', 'resources/img/wardrobe/wardrobe4.png', 40, '2018-01-10 16:36:27'),
	(1308, 1, 'image46', 'resources/img/TV/TV2.png', 23, '2018-01-10 16:36:27'),
	(1309, 1, 'image58', 'resources/img/washingmachine/washingmachine2.png', 83, '2018-01-10 16:36:27'),
	(1310, 1, 'image97', 'resources/img/door/door3.png', 38, '2018-01-10 16:36:27'),
	(1311, 1, 'image97', 'resources/img/door/door3.png', 25, '2018-01-10 16:36:27'),
	(1312, 1, 'image97', 'resources/img/door/door3.png', 12, '2018-01-10 16:36:27'),
	(1313, 1, 'image97', 'resources/img/door/door3.png', 24, '2018-01-10 16:36:27'),
	(1314, 1, 'image55', 'resources/img/refrigerator/refrigerator9.png', 62, '2018-01-10 16:36:27'),
	(1315, 1, 'image64', 'resources/img/washingmachine/washingmachine8.png', 63, '2018-01-10 16:36:27'),
	(1316, 1, 'image69', 'resources/img/diningtable/diningtable3.png', 27, '2018-01-10 16:36:27'),
	(1317, 1, 'image67', 'resources/img/diningtable/diningtable1.png', 14, '2018-01-10 16:36:27'),
	(1318, 1, 'image71', 'resources/img/diningtable/diningtable5.png', 60, '2018-01-10 16:36:27'),
	(1319, 1, 'image82', 'resources/img/dresser/dresser9.png', 37, '2018-01-10 16:36:27'),
	(1320, 1, 'image76', 'resources/img/dresser/dresser3.png', 41, '2018-01-10 16:36:27'),
	(1321, 1, 'image81', 'resources/img/dresser/dresser8.png', 28, '2018-01-10 16:36:27'),
	(1322, 1, 'image80', 'resources/img/dresser/dresser7.png', 16, '2018-01-10 16:36:28'),
	(1323, 1, 'image83', 'resources/img/wardrobe/wardrobe1.png', 67, '2018-01-10 16:36:28'),
	(1324, 1, 'image92', 'resources/img/dressingtable/dressingtable3.png', 29, '2018-01-10 16:36:28'),
	(1325, 1, 'image93', 'resources/img/dressingtable/dressingtable4.png', 10, '2018-01-10 16:36:28'),
	(1326, 1, 'image40', 'resources/img/wall/wall6.png', 32, '2018-01-10 16:36:28'),
	(1327, 84, 'image95', 'resources/img/wall/wall2.png', 0, '2018-01-23 15:17:22'),
	(1328, 84, 'image40', 'resources/img/wall/wall6.png', 12, '2018-01-23 15:17:22'),
	(1329, 84, 'image97', 'resources/img/door/door3.png', 25, '2018-01-23 15:17:22');
/*!40000 ALTER TABLE `work` ENABLE KEYS */;

-- 테이블 trois.worksave 구조 내보내기
CREATE TABLE IF NOT EXISTS `worksave` (
  `no` int(11) NOT NULL AUTO_INCREMENT COMMENT '마이룸 자동 증가',
  `id` varchar(10) NOT NULL COMMENT '누구의 마이룸인가',
  `title` varchar(50) NOT NULL COMMENT '마이룸 제목',
  `date` datetime NOT NULL COMMENT '작업 저장한 날짜',
  `del_yn` char(2) NOT NULL DEFAULT 'y' COMMENT '삭제 -> d로 변경',
  PRIMARY KEY (`no`)
) ENGINE=InnoDB AUTO_INCREMENT=85 DEFAULT CHARSET=utf8 COMMENT='작업내역';

-- 테이블 데이터 trois.worksave:~84 rows (대략적) 내보내기
/*!40000 ALTER TABLE `worksave` DISABLE KEYS */;
INSERT INTO `worksave` (`no`, `id`, `title`, `date`, `del_yn`) VALUES
	(1, 'test', '미래의 나의 집..', '2017-10-23 15:58:50', 'y'),
	(2, 'test', '전체적인 설계도 ', '2017-10-24 16:54:56', 'd'),
	(3, 'test', '부엌', '2017-10-25 16:55:24', 'y'),
	(4, 'test', '나의 방', '2017-10-27 16:55:49', 'y'),
	(5, 'test', '나의 서재', '2017-10-28 16:56:09', 'y'),
	(6, 'test', '다용도실', '2017-10-29 16:56:20', 'y'),
	(7, 'test', '화장실 설계도', '2017-10-30 16:56:34', 'y'),
	(8, 'test', '옷방', '2017-10-31 16:56:42', 'y'),
	(9, 'test', '서재', '2017-11-01 16:56:57', 'y'),
	(10, 'test', '파티룸', '2017-11-02 16:57:11', 'y'),
	(11, 'test', '부모님께 드릴 미래의 집 ㅎㅎ', '2017-11-03 16:57:26', 'd'),
	(12, 'test', '가게 디자인', '2017-11-04 16:57:43', 'y'),
	(13, 'test', '배란다 설계도', '2017-11-05 16:59:15', 'y'),
	(14, 'test', '공부방', '2017-11-06 16:59:46', 'y'),
	(15, 'test', '작업방', '2017-11-07 17:00:15', 'y'),
	(16, 'trois', '침대방', '2017-11-08 17:00:45', 'y'),
	(17, 'trois', '오늘은 부엌 디자인을 좀 ㅎㅎ', '2017-11-07 17:00:58', 'y'),
	(18, 'trois', '방 구조를 좀 바꿀 까나', '2017-11-08 17:01:19', 'y'),
	(19, 'test', 'test', '2017-11-08 18:29:09', 'y'),
	(20, 'test', '제목', '2017-11-09 10:08:32', 'y'),
	(21, 'test', '부엌', '2017-11-09 10:12:41', 'y'),
	(22, 'test', '거실', '2017-11-09 10:12:57', 'y'),
	(23, 'test', '작은방', '2017-11-09 10:13:11', 'y'),
	(24, 'test', '화장실', '2017-11-09 10:13:29', 'y'),
	(25, 'test', '안방', '2017-11-09 10:13:40', 'd'),
	(26, 'test', '벽 구조', '2017-11-09 10:56:55', 'y'),
	(27, 'test', 'z', '2017-11-09 10:57:11', 'y'),
	(28, 'tt', 'ewewew', '2017-11-09 10:57:15', 'y'),
	(29, 'test', '테스트입니다.', '2017-11-09 12:06:53', 'd'),
	(30, 'a', 'dd', '2017-11-09 12:13:13', 'y'),
	(31, 'a', 'ddd', '2017-11-21 15:30:45', 'y'),
	(32, 'gjeocjf', 'ads', '2017-11-21 15:46:22', 'd'),
	(33, 'gjeocjf', 'ㅁㄴㅇ', '2017-11-21 15:49:22', 'y'),
	(34, 'gjeocjf', 'ㅁㄴㅇ', '2017-11-21 15:49:46', 'y'),
	(35, 'as4656', 'AAAAAA', '2017-11-21 16:33:24', 'd'),
	(36, 'gjeocjf', 'sasad', '2017-11-21 16:48:21', 'y'),
	(37, '허대처리', 'ㅁㄴ', '2017-11-21 16:51:35', 'y'),
	(38, 'test', 'aaaaaa', '2017-11-22 15:38:59', 'y'),
	(39, 'qwe', 'gd', '2017-11-23 09:54:48', 'd'),
	(40, 'qwe', 'aaaa', '2017-11-23 10:01:18', 'y'),
	(41, 'sanic', 'My House', '2017-11-23 10:01:42', 'd'),
	(42, 'qwe', 'v ', '2017-11-23 10:03:21', 'y'),
	(43, 'qwe', 'asd', '2017-11-23 10:49:21', 'y'),
	(44, 'sanic', '새집', '2017-11-23 10:57:00', 'y'),
	(45, 'test', 'asd', '2017-11-23 14:04:22', 'y'),
	(46, 'test', 'dsadsadsa', '2017-11-23 14:15:00', 'y'),
	(47, 'test', 'ewewew', '2017-11-23 14:49:04', 'y'),
	(48, 'test', 'ewewew', '2017-11-23 15:12:39', 'y'),
	(49, 'test', '1111111111111', '2017-11-23 15:12:53', 'y'),
	(50, 'test', '1486846816541', '2017-11-23 15:32:18', 'y'),
	(51, 'test', 'ㅅㄷㄴㅅ', '2017-11-23 15:44:31', 'y'),
	(52, 'test', 'ㄷㅎ로해ㅑㅗ해ㅑㅇ노래ㅑㅗ햐ㅐ고해ㅑㄷ고랮ㄷ', '2017-11-23 15:44:57', 'd'),
	(53, 'test', '진짜', '2017-11-23 15:46:10', 'y'),
	(54, 'test', 'h', '2017-11-23 15:54:17', 'y'),
	(55, 'test', 'dfdfdfadfaddddddddddddddddddddddd', '2017-11-27 15:18:54', 'd'),
	(56, 'test', 'zxc', '2017-11-29 10:13:40', 'y'),
	(57, 'hi', '00', '2017-11-29 10:55:48', 'y'),
	(58, 'h2', '우리집', '2017-11-29 11:07:30', 'y'),
	(59, 'h2', 'a', '2017-11-29 11:09:55', 'y'),
	(60, 'h2', '\'', '2017-11-29 11:10:00', 'y'),
	(61, 'h2', '\'', '2017-11-29 11:10:04', 'y'),
	(62, 'h2', '\'', '2017-11-29 11:10:07', 'y'),
	(63, 'h2', '\'', '2017-11-29 11:10:10', 'y'),
	(64, 'h2', '\'', '2017-11-29 11:10:13', 'y'),
	(65, 'h2', '\'', '2017-11-29 11:10:16', 'y'),
	(66, 'h2', '\'', '2017-11-29 11:10:19', 'y'),
	(67, 'h2', 'dddddddddddddddddddddddddddddddddddddddddddddddddd', '2017-11-29 11:10:25', 'y'),
	(68, 'h2', 'dddddddddddddddddddddddddddddddddddddddddddddddddd', '2017-11-29 11:10:31', 'y'),
	(69, 'h2', 'dddddddddddddddddddddddddddddddddddddddddddddddddd', '2017-11-29 11:10:52', 'y'),
	(70, 'h2', 'zxczxczxczxczxczxczxczxczxczxczxczxczxczxczxczxczx', '2017-11-29 11:11:02', 'y'),
	(71, 'h2', 'qqqqqqqqqqqqqqqqqqqqqqqqqqqqqqqqqqqqqqqqqqqqqqqqqq', '2017-11-29 11:11:15', 'y'),
	(72, 'h2', 'dddddddddddddddddddddddddddddddddddddddddddddddddd', '2017-11-29 11:11:28', 'y'),
	(73, 'h2', 'qqqqqqqqqqqqqqqqqqqqqqqqqqqqqqqqqqqqqqqqqqqqqqqqqq', '2017-11-29 11:11:39', 'y'),
	(74, 'h2', 'qqqqqqqqqqqqqqqqqqqqqqqqqqqqqqqqqqqqqqqqqqqqqqqqqq', '2017-11-29 11:11:52', 'y'),
	(75, 'h2', 'qqqqqqqqqqqqqqqqqqqqqqqqqqqqqqqqqqqqqqqqqqqqqqqqqq', '2017-11-29 11:12:07', 'y'),
	(76, 'h2', 'qqqqqqqqqqqqqqqqqqqqqqqqqqqqqqqqqqqqqqqqqqqqqqqqqq', '2017-11-29 11:12:16', 'y'),
	(77, 'h2', 'qqqqqqqqqqqqqqqqqqqqqqqqqqqqqqqqqqqqqqqqqqqqqqqqqq', '2017-11-29 11:12:22', 'y'),
	(78, 'h2', 'qqqqqqqqqqqqqqqqqqqqqqqqqqqqqqqqqqqqqqqqqqqqqqqqqq', '2017-11-29 11:12:31', 'y'),
	(79, 'h2', 'qqqqqqqqqqqqqqqqqqqqqqqqqqqqqqqqqqqqqqqqqqqqqqqqqq', '2017-11-29 11:12:35', 'y'),
	(80, 'h2', 'qqqqqqqqqqqqqqqqqqqqqqqqqqqqqqqqqqqqqqqqqqqqqqqqqq', '2017-11-29 11:12:45', 'y'),
	(81, 'ojun321', 't', '2018-01-10 11:06:09', 'd'),
	(82, 'ojun321', 'ddd', '2018-01-10 11:06:38', 'y'),
	(83, 'ojun321', 'dsa', '2018-01-10 11:07:08', 'y'),
	(84, 'test', '아잉', '2018-01-23 15:17:22', 'y');
/*!40000 ALTER TABLE `worksave` ENABLE KEYS */;

/*!40101 SET SQL_MODE=IFNULL(@OLD_SQL_MODE, '') */;
/*!40014 SET FOREIGN_KEY_CHECKS=IF(@OLD_FOREIGN_KEY_CHECKS IS NULL, 1, @OLD_FOREIGN_KEY_CHECKS) */;
/*!40101 SET CHARACTER_SET_CLIENT=@OLD_CHARACTER_SET_CLIENT */;
